-- phpMyAdmin SQL Dump
-- version 3.4.10.1
-- http://www.phpmyadmin.net
--
-- Host: localhost
-- Generation Time: Jun 15, 2012 at 11:49 AM
-- Server version: 5.5.20
-- PHP Version: 5.3.10

SET SQL_MODE="NO_AUTO_VALUE_ON_ZERO";
SET time_zone = "+00:00";


/*!40101 SET @OLD_CHARACTER_SET_CLIENT=@@CHARACTER_SET_CLIENT */;
/*!40101 SET @OLD_CHARACTER_SET_RESULTS=@@CHARACTER_SET_RESULTS */;
/*!40101 SET @OLD_COLLATION_CONNECTION=@@COLLATION_CONNECTION */;
/*!40101 SET NAMES utf8 */;

--
-- Database: `flager`
--

-- --------------------------------------------------------

--
-- Table structure for table `carfaxsellers`
--

CREATE TABLE IF NOT EXISTS `carfaxsellers` (
  `id` int(25) NOT NULL AUTO_INCREMENT,
  `marketID` int(11) NOT NULL DEFAULT '0',
  `title` varchar(255) NOT NULL,
  `url` varchar(255) NOT NULL,
  `postedDate` int(11) NOT NULL DEFAULT '0',
  `flag` int(5) NOT NULL DEFAULT '0',
  `lastUsed` bigint(20) NOT NULL DEFAULT '0',
  `killed` tinyint(1) NOT NULL DEFAULT '0',
  PRIMARY KEY (`id`)
) ENGINE=InnoDB  DEFAULT CHARSET=latin1 AUTO_INCREMENT=313 ;

--
-- Dumping data for table `carfaxsellers`
--

INSERT INTO `carfaxsellers` (`id`, `marketID`, `title`, `url`, `postedDate`, `flag`, `lastUsed`, `killed`) VALUES
(2, 1, '', 'http://sfbay.craigslist.org/sby/cto/3031179423.html', 0, 11, 1339757895, 0),
(3, 1, '', 'http://sfbay.craigslist.org/sby/cto/3031168073.html', 0, 10, 1339740512, 0),
(5, 1, '', 'http://sfbay.craigslist.org/sby/cto/3030414133.html', 0, 10, 1339757844, 0),
(14, 16, '', 'http://athensga.craigslist.org/pts/3049774156.html', 0, 9, 1339675153, 0),
(15, 16, '', 'http://athensga.craigslist.org/pts/3002147561.html', 0, 9, 1339675564, 0),
(19, 18, '', 'http://atlanta.craigslist.org/nat/wan/2993080218.html', 0, 9, 1339662949, 0),
(20, 18, '', 'http://atlanta.craigslist.org/atl/cto/2991473860.html', 0, 10, 1339663064, 0),
(21, 233, '', 'http://montgomery.craigslist.org/cto/3015492840.html', 0, 9, 1339674998, 0),
(27, 36, '', 'http://boise.craigslist.org/cto/3031317981.html', 0, 9, 1339675118, 0),
(28, 38, '', 'http://boston.craigslist.org/gbs/for/3037682105.html', 0, 9, 1339674962, 0),
(30, 319, '', 'http://savannah.craigslist.org/pts/3052420132.html', 0, 9, 1339674574, 0),
(31, 319, '', 'http://savannah.craigslist.org/cto/2940470230.html', 0, 9, 1339674548, 0),
(32, 160, '', 'http://iowacity.craigslist.org/cto/3032048324.html', 0, 9, 1339674521, 0),
(38, 65, '', 'http://cleveland.craigslist.org/pts/3019397133.html', 0, 9, 1339674468, 0),
(39, 67, '', 'http://collegestation.craigslist.org/for/3035107121.html', 0, 9, 1339674442, 0),
(40, 140, '', 'http://harrisburg.craigslist.org/pts/3007749562.html', 0, 9, 1339674308, 0),
(41, 77, '', 'http://dallas.craigslist.org/dal/for/3052950276.html', 0, 10, 1339664223, 0),
(42, 77, '', 'http://dallas.craigslist.org/dal/ptd/3044016313.html', 0, 11, 1339758812, 0),
(43, 77, '', 'http://dallas.craigslist.org/dal/cto/3023262258.html', 0, 10, 1339664363, 0),
(44, 77, '', 'http://dallas.craigslist.org/dal/cto/2994571676.html', 0, 10, 1339664397, 0),
(45, 290, '', 'http://raleigh.craigslist.org/cto/3055684674.html', 0, 9, 1339664456, 0),
(46, 84, '', 'http://delaware.craigslist.org/cto/3007005764.html', 0, 9, 1339667250, 0),
(56, 87, '', 'http://detroit.craigslist.org/okl/pts/3011008355.html', 0, 10, 1339756954, 0),
(59, 123, '', 'http://fresno.craigslist.org/cto/3028184549.html', 0, 9, 1339664714, 0),
(60, 123, '', 'http://fresno.craigslist.org/for/3028181611.html', 0, 9, 1339664741, 0),
(61, 126, '', 'http://gainesville.craigslist.org/cto/3055902144.html', 0, 9, 1339663943, 0),
(63, 142, '', 'http://hartford.craigslist.org/cto/3055446446.html', 0, 9, 1339663970, 0),
(65, 144, '', 'http://honolulu.craigslist.org/oah/ele/3045001658.html', 0, 10, 1339736373, 0),
(67, 152, '', 'http://houston.craigslist.org/ptd/3044029232.html', 0, 13, 1339742287, 1),
(68, 152, '', 'http://houston.craigslist.org/for/3028138686.html', 0, 13, 1339742321, 1),
(73, 159, '', 'http://inlandempire.craigslist.org/cto/3024579027.html', 0, 10, 1339674494, 0),
(76, 185, '', 'http://tippecanoe.craigslist.org/cto/3032351376.html', 0, 9, 1339667280, 0),
(78, 193, '', 'http://lasvegas.craigslist.org/cto/3010013362.html', 0, 9, 1339674144, 0),
(79, 308, '', 'http://saltlakecity.craigslist.org/cto/3034765987.html', 0, 10, 1339664320, 0),
(80, 308, '', 'http://saltlakecity.craigslist.org/cto/2990373841.html', 0, 9, 1339664276, 0),
(88, 210, '', 'http://maine.craigslist.org/for/3037666888.html', 0, 10, 1339759688, 0),
(89, 224, '', 'http://minneapolis.craigslist.org/dak/for/3055300992.html', 0, 10, 1339744437, 0),
(90, 224, '', 'http://minneapolis.craigslist.org/hnp/wan/3005611053.html', 0, 10, 1339744891, 0),
(92, 218, '', 'http://medford.craigslist.org/for/3045312023.html', 0, 10, 1339744391, 0),
(93, 279, '', 'http://pittsburgh.craigslist.org/ptd/3043948164.html', 0, 10, 1339744933, 0),
(98, 247, '', 'http://newjersey.craigslist.org/pts/3052693796.html', 0, 13, 1339744785, 0),
(100, 266, '', 'http://orangecounty.craigslist.org/cto/3007948523.html', 0, 19, 1339758317, 0),
(101, 266, '', 'http://orangecounty.craigslist.org/cto/2991241424.html', 0, 19, 1339758292, 0),
(105, 276, '', 'http://philadelphia.craigslist.org/ctd/3035505557.html', 0, 10, 1339744256, 0),
(106, 276, '', 'http://philadelphia.craigslist.org/cto/3048083150.html', 0, 10, 1339740999, 0),
(107, 276, '', 'http://philadelphia.craigslist.org/ptd/3044077527.html', 0, 10, 1339740974, 0),
(112, 350, '', 'http://spokane.craigslist.org/for/3029026689.html', 0, 10, 1339740936, 0),
(113, 290, '', 'http://raleigh.craigslist.org/ptd/3044178652.html', 0, 10, 1339740010, 0),
(115, 296, '', 'http://richmond.craigslist.org/pts/3016024105.html', 0, 10, 1339739941, 0),
(118, 334, '', 'http://miami.craigslist.org/mdc/pts/3022242711.html', 0, 10, 1339739895, 0),
(120, 357, '', 'http://stlouis.craigslist.org/for/3050220776.html', 0, 11, 1339759636, 0),
(121, 364, '', 'http://tallahassee.craigslist.org/cto/3030620721.html', 0, 10, 1339744288, 0),
(122, 364, '', 'http://tallahassee.craigslist.org/cto/3027268051.html', 0, 10, 1339744320, 0),
(123, 378, '', 'http://twinfalls.craigslist.org/cto/3036009221.html', 0, 10, 1339744358, 0),
(124, 378, '', 'http://twinfalls.craigslist.org/cto/3031290122.html', 0, 10, 1339744992, 0),
(125, 378, '', 'http://twinfalls.craigslist.org/cto/3016721064.html', 0, 10, 1339746039, 0),
(127, 400, '', 'http://wichita.craigslist.org/pts/3030791159.html', 0, 10, 1339756928, 0),
(129, 1, '', 'http://sfbay.craigslist.org/nby/aos/3035953437.html', 0, 11, 1339757870, 0),
(130, 1, '', 'http://sfbay.craigslist.org/sby/aos/3052361838.html', 0, 6, 1339226257, 1),
(132, 87, '', 'http://detroit.craigslist.org/mcb/aos/2970471907.html', 0, 8, 1339563204, 1),
(135, 18, '', 'http://atlanta.craigslist.org/atl/aos/3033677242.html', 0, 10, 1339663188, 0),
(136, 18, '', 'http://atlanta.craigslist.org/atl/aos/3005329460.html', 0, 9, 1339663002, 0),
(137, 21, '', 'http://austin.craigslist.org/aos/3044008890.html', 0, 9, 1339675040, 0),
(139, 85, '', 'http://denver.craigslist.org/aos/2970470252.html', 0, 22, 1339674076, 0),
(140, 50, '', 'http://cnj.craigslist.org/aos/2977800555.html', 0, 9, 1339586240, 1),
(141, 244, '', 'http://newyork.craigslist.org/que/aos/3048585701.html', 0, 6, 1339393611, 1),
(142, 276, '', 'http://philadelphia.craigslist.org/aos/3044082412.html', 0, 9, 1339664838, 0),
(143, 244, '', 'http://newyork.craigslist.org/mnh/aos/3044062191.html', 0, 6, 1339393640, 1),
(144, 247, '', 'http://newjersey.craigslist.org/aos/2972411040.html', 0, 8, 1339649209, 1),
(146, 54, '', 'http://charleston.craigslist.org/aos/3044168006.html', 0, 9, 1339664805, 0),
(147, 60, '', 'http://chicago.craigslist.org/sox/aos/3024122393.html', 0, 11, 1339741053, 0),
(148, 60, '', 'http://chicago.craigslist.org/chc/aos/3044006234.html', 0, 6, 1339237627, 1),
(149, 63, '', 'http://cincinnati.craigslist.org/aos/3055735664.html', 0, 9, 1339664769, 0),
(150, 152, '', 'http://houston.craigslist.org/aos/3044036837.html', 0, 14, 1339760261, 0),
(151, 152, '', 'http://houston.craigslist.org/aos/2970020355.html', 0, 13, 1339760296, 0),
(152, 77, '', 'http://dallas.craigslist.org/dal/aos/3044017680.html', 0, 11, 1339745836, 0),
(153, 77, '', 'http://dallas.craigslist.org/dal/aos/2975130811.html', 0, 11, 1339745759, 0),
(155, 290, '', 'http://raleigh.craigslist.org/aos/3044184554.html', 0, 10, 1339759714, 0),
(162, 223, '', 'http://milwaukee.craigslist.org/aos/2979438135.html', 0, 9, 1339678096, 0),
(163, 352, '', 'http://springfield.craigslist.org/aos/2974883711.html', 0, 9, 1339678123, 0),
(164, 193, '', 'http://lasvegas.craigslist.org/aos/3029552255.html', 0, 10, 1339759662, 0),
(166, 218, '', 'http://medford.craigslist.org/aos/3045319013.html', 0, 9, 1339675077, 0),
(167, 279, '', 'http://pittsburgh.craigslist.org/aos/2980282600.html', 0, 10, 1339760361, 0),
(169, 311, '', 'http://sandiego.craigslist.org/csd/aos/3044142736.html', 0, 6, 1339563240, 1),
(170, 322, '', 'http://seattle.craigslist.org/see/aos/3044154822.html', 0, 33, 1339759580, 0),
(173, 334, '', 'http://miami.craigslist.org/mdc/aos/3044068583.html', 0, 9, 1339674191, 0),
(176, 18, '', 'http://atlanta.craigslist.org/atl/ctd/3056713231.html', 0, 9, 1339663033, 0),
(178, 77, '', 'http://dallas.craigslist.org/dal/wan/3055977507.html', 0, 10, 1339757459, 0),
(179, 77, '', 'http://dallas.craigslist.org/dal/for/3055975111.html', 0, 10, 1339758673, 0),
(186, 77, '', 'http://dallas.craigslist.org/dal/aos/3055979168.html', 0, 10, 1339745882, 0),
(187, 77, '', 'http://dallas.craigslist.org/dal/aos/3055976274.html', 0, 10, 1339745933, 0),
(190, 60, '', 'http://chicago.craigslist.org/chc/cto/3059799763.html', 0, 9, 1339741026, 0),
(193, 247, '', 'http://newjersey.craigslist.org/cto/3059804158.html', 0, 11, 1339744744, 0),
(195, 18, '', 'http://atlanta.craigslist.org/atl/aos/3059091817.html', 0, 8, 1339662976, 0),
(196, 283, '', 'http://portland.craigslist.org/wsc/aos/3059181711.html', 0, 8, 1339677067, 0),
(197, 77, '', 'http://dallas.craigslist.org/ftw/aos/3059974336.html', 0, 8, 1339676978, 0),
(201, 65, '', 'http://cleveland.craigslist.org/cto/3062255393.html', 0, 7, 1339758995, 0),
(202, 373, '', 'http://tricities.craigslist.org/cto/3062347306.html', 0, 7, 1339758842, 0),
(206, 77, '', 'http://dallas.craigslist.org/dal/ptd/3062382189.html', 0, 7, 1339757422, 0),
(208, 126, '', 'http://gainesville.craigslist.org/pts/3061048234.html', 0, 7, 1339759084, 0),
(209, 126, '', 'http://gainesville.craigslist.org/cto/3061040213.html', 0, 7, 1339759609, 0),
(212, 224, '', 'http://minneapolis.craigslist.org/hnp/for/3060123540.html', 0, 7, 1339759175, 0),
(214, 77, '', 'http://dallas.craigslist.org/dal/aos/3062385804.html', 0, 7, 1339745969, 0),
(219, 353, '', 'http://staugustine.craigslist.org/pts/3063723881.html', 0, 6, 1339743775, 0),
(222, 144, '', 'http://honolulu.craigslist.org/oah/cto/3065403716.html', 0, 6, 1339739781, 0),
(223, 311, '', 'http://sandiego.craigslist.org/csd/cto/3066514497.html', 0, 5, 1339674249, 0),
(225, 35, '', 'http://bn.craigslist.org/cto/3068529354.html', 0, 4, 1339667545, 0),
(227, 84, '', 'http://delaware.craigslist.org/cto/3069035433.html', 0, 4, 1339668003, 0),
(230, 152, '', 'http://houston.craigslist.org/app/3067420449.html', 0, 7, 1339760159, 0),
(231, 159, '', 'http://inlandempire.craigslist.org/pts/3068591187.html', 0, 4, 1339667513, 0),
(232, 204, '', 'http://losangeles.craigslist.org/sgv/cto/3068053101.html', 0, 4, 1339667379, 0),
(233, 244, '', 'http://newyork.craigslist.org/wch/cto/3067765570.html', 0, 6, 1339676683, 0),
(234, 283, '', 'http://portland.craigslist.org/mlt/cto/3069849573.html', 0, 4, 1339667346, 0),
(235, 334, '', 'http://miami.craigslist.org/pbc/cto/3069119191.html', 0, 4, 1339667315, 0),
(236, 389, '', 'http://washingtondc.craigslist.org/nva/cto/3066852697.html', 0, 5, 1339678176, 0),
(237, 389, '', 'http://washingtondc.craigslist.org/nva/aos/3066851135.html', 0, 5, 1339663242, 0),
(238, 18, '', 'http://atlanta.craigslist.org/sat/aos/3066609019.html', 0, 4, 1339668514, 0),
(239, 1, '', 'http://sfbay.craigslist.org/sfc/ptd/3071646423.html', 0, 4, 1339740424, 0),
(240, 1, '', 'http://sfbay.craigslist.org/eby/cto/3070959031.html', 0, 4, 1339740451, 0),
(242, 18, '', 'http://atlanta.craigslist.org/atl/pts/3071736677.html', 0, 4, 1339757034, 0),
(243, 18, '', 'http://atlanta.craigslist.org/atl/ptd/3070896526.html', 0, 4, 1339757009, 0),
(244, 165, '', 'http://jacksonville.craigslist.org/wan/3072213559.html', 0, 3, 1339663887, 0),
(245, 60, '', 'http://chicago.craigslist.org/nwc/pts/3071687279.html', 0, 3, 1339663503, 0),
(246, 77, '', 'http://dallas.craigslist.org/dal/ptd/3071075002.html', 0, 3, 1339663547, 0),
(247, 144, '', 'http://honolulu.craigslist.org/oah/cto/3071893322.html', 0, 4, 1339739555, 0),
(248, 193, '', 'http://lasvegas.craigslist.org/ptd/3070822573.html', 0, 3, 1339663654, 0),
(249, 204, '', 'http://losangeles.craigslist.org/wst/ptd/3071170672.html', 0, 4, 1339668467, 0),
(250, 204, '', 'http://losangeles.craigslist.org/wst/cto/3070959912.html', 0, 4, 1339668105, 0),
(251, 224, '', 'http://minneapolis.craigslist.org/hnp/ctd/3071935604.html', 0, 3, 1339662794, 0),
(252, 224, '', 'http://minneapolis.craigslist.org/hnp/ptd/3071384821.html', 0, 3, 1339662589, 0),
(253, 244, '', 'http://newyork.craigslist.org/mnh/ptd/3071488117.html', 0, 5, 1339676749, 0),
(254, 266, '', 'http://orangecounty.craigslist.org/ptd/3071512833.html', 0, 6, 1339758267, 0),
(255, 276, '', 'http://philadelphia.craigslist.org/ptd/3071540359.html', 0, 3, 1339662374, 0),
(256, 311, '', 'http://sandiego.craigslist.org/csd/pts/3071739350.html', 0, 3, 1339662639, 0),
(257, 311, '', 'http://sandiego.craigslist.org/csd/ptd/3071625704.html', 0, 3, 1339663277, 0),
(258, 311, '', 'http://sandiego.craigslist.org/csd/cto/3071350432.html', 0, 3, 1339663305, 0),
(259, 311, '', 'http://sandiego.craigslist.org/nsd/cto/3071329321.html', 0, 3, 1339662756, 0),
(260, 334, '', 'http://miami.craigslist.org/mdc/ptd/3071224107.html', 0, 3, 1339663580, 0),
(261, 353, '', 'http://staugustine.craigslist.org/app/3070757120.html', 0, 3, 1339663332, 0),
(263, 18, '', 'http://atlanta.craigslist.org/atl/aos/3070928558.html', 0, 4, 1339756982, 0),
(264, 38, '', 'http://boston.craigslist.org/bmw/aos/3071241386.html', 0, 3, 1339663613, 0),
(266, 276, '', 'http://philadelphia.craigslist.org/aos/3071547639.html', 0, 3, 1339663916, 0),
(267, 244, '', 'http://newyork.craigslist.org/mnh/aos/3071496528.html', 0, 5, 1339676831, 0),
(268, 77, '', 'http://dallas.craigslist.org/dal/aos/3071122666.html', 0, 3, 1339662920, 0),
(269, 266, '', 'http://orangecounty.craigslist.org/aos/3071528835.html', 0, 7, 1339758345, 0),
(270, 204, '', 'http://losangeles.craigslist.org/wst/aos/3071186269.html', 0, 4, 1339668426, 0),
(271, 193, '', 'http://lasvegas.craigslist.org/aos/3070835112.html', 0, 3, 1339662677, 0),
(272, 224, '', 'http://minneapolis.craigslist.org/hnp/aos/3071394559.html', 0, 3, 1339663474, 0),
(273, 334, '', 'http://miami.craigslist.org/mdc/aos/3071233808.html', 0, 3, 1339662725, 0),
(274, 1, '', 'http://sfbay.craigslist.org/sby/cto/3074573147.html', 0, 4, 1339757970, 0),
(275, 1, '', 'http://sfbay.craigslist.org/pen/cto/3074544961.html', 0, 4, 1339757945, 0),
(276, 1, '', 'http://sfbay.craigslist.org/pen/cto/3074438308.html', 0, 4, 1339757920, 0),
(277, 1, '', 'http://sfbay.craigslist.org/eby/pts/3073476745.html', 0, 3, 1339740355, 0),
(278, 18, '', 'http://atlanta.craigslist.org/atl/cto/3074584668.html', 0, 3, 1339757061, 0),
(279, 165, '', 'http://jacksonville.craigslist.org/cto/3073809507.html', 0, 3, 1339757261, 0),
(280, 50, '', 'http://cnj.craigslist.org/cto/3072571971.html', 0, 3, 1339757297, 0),
(281, 85, '', 'http://denver.craigslist.org/pts/3072606180.html', 0, 4, 1339674109, 0),
(282, 204, '', 'http://losangeles.craigslist.org/wst/pts/3074176702.html', 0, 3, 1339668048, 0),
(284, 244, '', 'http://newyork.craigslist.org/mnh/cto/3073484484.html', 0, 3, 1339757387, 0),
(285, 266, '', 'http://orangecounty.craigslist.org/pts/3073471263.html', 0, 4, 1339758374, 0),
(286, 317, '', 'http://santamaria.craigslist.org/cto/3073017167.html', 0, 3, 1339757340, 0),
(287, 1, '', 'http://sfbay.craigslist.org/sby/aos/3074194794.html', 0, 3, 1339740381, 0),
(289, 410, '', 'http://youngstown.craigslist.org/cto/3076356380.html', 0, 2, 1339736320, 0),
(290, 80, '', 'http://daytona.craigslist.org/pts/3075757294.html', 0, 2, 1339739860, 0),
(291, 243, '', 'http://blacksburg.craigslist.org/pts/3076233997.html', 0, 2, 1339739820, 0),
(293, 244, '', 'http://newyork.craigslist.org/mnh/cto/3074875485.html', 0, 2, 1339678202, 0),
(294, 244, '', 'http://newyork.craigslist.org/brk/cto/3074866814.html', 0, 2, 1339736261, 0),
(295, 244, '', 'http://newyork.craigslist.org/mnh/wan/3074650997.html', 0, 2, 1339736193, 0),
(296, 334, '', 'http://miami.craigslist.org/mdc/pts/3075764577.html', 0, 2, 1339736026, 0),
(297, 1, '', 'http://sfbay.craigslist.org/sfc/cto/3078866404.html', 0, 1, 1339741602, 0),
(298, 1, '', 'http://sfbay.craigslist.org/eby/pts/3077068078.html', 0, 1, 1339743725, 0),
(299, 1, '', 'http://sfbay.craigslist.org/sby/pts/3076873488.html', 0, 1, 1339742442, 0),
(300, 18, '', 'http://atlanta.craigslist.org/atl/cto/3078151624.html', 0, 1, 1339741629, 0),
(301, 77, '', 'http://dallas.craigslist.org/dal/cto/3078439246.html', 0, 1, 1339743699, 0),
(302, 290, '', 'http://raleigh.craigslist.org/pts/3076804751.html', 0, 1, 1339742955, 0),
(303, 126, '', 'http://gainesville.craigslist.org/cto/3078725783.html', 0, 1, 1339741682, 0),
(304, 142, '', 'http://hartford.craigslist.org/cto/3077534619.html', 0, 1, 1339741656, 0),
(305, 204, '', 'http://losangeles.craigslist.org/wst/cto/3078871043.html', 0, 1, 1339742925, 0),
(306, 244, '', 'http://newyork.craigslist.org/mnh/cto/3078852829.html', 0, 1, 1339742815, 0),
(307, 244, '', 'http://newyork.craigslist.org/brk/cto/3077067395.html', 0, 1, 1339743673, 0),
(308, 266, '', 'http://orangecounty.craigslist.org/for/3077157052.html', 0, 1, 1339742842, 0),
(309, 276, '', 'http://philadelphia.craigslist.org/cto/3078823420.html', 0, 1, 1339742870, 0),
(310, 283, '', 'http://portland.craigslist.org/wsc/cto/3078703337.html', 0, 1, 1339742897, 0),
(311, 295, '', 'http://providence.craigslist.org/pts/3076808132.html', 0, 1, 1339743646, 0),
(312, 204, '', 'http://losangeles.craigslist.org/wst/aos/3077113893.html', 0, 1, 1339741576, 0);

-- --------------------------------------------------------

--
-- Table structure for table `interest_group`
--

CREATE TABLE IF NOT EXISTS `interest_group` (
  `id` int(11) NOT NULL,
  `cid` int(11) NOT NULL,
  `url` text NOT NULL
) ENGINE=InnoDB DEFAULT CHARSET=latin1;

--
-- Dumping data for table `interest_group`
--

INSERT INTO `interest_group` (`id`, `cid`, `url`) VALUES
(1, 1, 'act\r'),
(2, 1, 'ats\r'),
(3, 1, 'kid\r'),
(4, 1, 'com\r'),
(5, 1, 'grp\r'),
(6, 1, 'pet\r'),
(7, 1, 'cal\r'),
(8, 1, 'laf\r'),
(9, 1, 'muc\r'),
(10, 1, 'vnn\r'),
(11, 1, 'pol\r'),
(12, 1, 'rid\r'),
(13, 1, 'vol\r'),
(14, 1, 'cls\r'),
(15, 2, 'apa\r'),
(16, 2, 'roo\r'),
(17, 2, 'sub\r'),
(18, 2, 'hsw\r'),
(19, 2, 'swp\r'),
(20, 2, 'vac\r'),
(21, 2, 'prk\r'),
(22, 2, 'off\r'),
(23, 2, 'rea\r'),
(24, 3, 'acc\r'),
(25, 3, 'ofc\r'),
(26, 3, 'egr\r'),
(27, 3, 'med\r'),
(28, 3, 'sci\r'),
(29, 3, 'bus\r'),
(30, 3, 'csr\r'),
(31, 3, 'edu\r'),
(32, 3, 'fbh\r'),
(33, 3, 'lab\r'),
(34, 3, 'gov\r'),
(35, 3, 'hum\r'),
(36, 3, 'eng\r'),
(37, 3, 'lgl\r'),
(38, 3, 'mnu\r'),
(39, 3, 'mar\r'),
(40, 3, 'hea\r'),
(41, 3, 'npo\r'),
(42, 3, 'rej\r'),
(43, 3, 'ret\r'),
(44, 3, 'sls\r'),
(45, 3, 'spa\r'),
(46, 3, 'sec\r'),
(47, 3, 'trd\r'),
(48, 3, 'sof\r'),
(49, 3, 'sad\r'),
(50, 3, 'tch\r'),
(51, 3, 'trp\r'),
(52, 3, 'tfr\r'),
(53, 3, 'web\r'),
(54, 3, 'wri\r'),
(55, 3, 'etc\r'),
(56, 4, 'stp\r'),
(57, 4, 'w4w\r'),
(58, 4, 'w4m\r'),
(59, 4, 'm4w\r'),
(60, 4, 'm4m\r'),
(61, 4, 'msr\r'),
(62, 4, 'cas\r'),
(63, 4, 'mis\r'),
(64, 4, 'rnr\r'),
(65, 5, 'ppa\r'),
(66, 5, 'ata\r'),
(67, 5, 'bar\r'),
(68, 5, 'bia\r'),
(69, 5, 'boo\r'),
(70, 5, 'bka\r'),
(71, 5, 'bfa\r'),
(72, 5, 'sya\r'),
(73, 5, 'zip\r'),
(74, 5, 'fua\r'),
(75, 5, 'foa\r'),
(76, 5, 'jwa\r'),
(77, 5, 'maa\r'),
(78, 5, 'rva\r'),
(79, 5, 'sga\r'),
(80, 5, 'tia\r'),
(81, 5, 'tla\r'),
(82, 5, 'wan\r'),
(83, 5, 'ara\r'),
(84, 5, 'pta\r'),
(85, 5, 'baa\r'),
(86, 5, 'haa\r'),
(87, 5, 'cta\r'),
(88, 5, 'ema\r'),
(89, 5, 'moa\r'),
(90, 5, 'cla\r'),
(91, 5, 'cba\r'),
(92, 5, 'ela\r'),
(93, 5, 'gra\r'),
(94, 5, 'gms\r'),
(95, 5, 'hsa\r'),
(96, 5, 'mca\r'),
(97, 5, 'msa\r'),
(98, 5, 'pha\r'),
(99, 5, 'taa\r'),
(100, 5, 'vga\r'),
(101, 6, 'bts\r'),
(102, 6, 'crs\r'),
(103, 6, 'cps\r'),
(104, 6, 'cys\r'),
(105, 6, 'evs\r'),
(106, 6, 'fns\r'),
(107, 6, 'lgs\r'),
(108, 6, 'lss\r'),
(109, 6, 'mas\r'),
(110, 6, 'pas\r'),
(111, 6, 'aos\r'),
(112, 6, 'fgs\r'),
(113, 6, 'hss\r'),
(114, 6, 'lbs\r'),
(115, 6, 'sks\r'),
(116, 6, 'rts\r'),
(117, 6, 'biz\r'),
(118, 6, 'thp\r'),
(119, 6, 'trv\r'),
(120, 6, 'wet\r'),
(121, 7, 'cwg\r'),
(122, 7, 'evg\r'),
(123, 7, 'lbg\r'),
(124, 7, 'tlg\r'),
(125, 7, 'cpg\r'),
(126, 7, 'crg\r'),
(127, 7, 'dmg\r'),
(128, 7, 'wrg\r');

-- --------------------------------------------------------

--
-- Table structure for table `markets`
--

CREATE TABLE IF NOT EXISTS `markets` (
  `id` int(11) NOT NULL AUTO_INCREMENT,
  `marketTitle` varchar(255) NOT NULL,
  `marketName` varchar(50) DEFAULT NULL,
  `marketUrl` varchar(255) NOT NULL,
  `dateAdded` bigint(20) NOT NULL,
  `lastProcessed` bigint(20) NOT NULL,
  `underProcess` tinyint(3) NOT NULL DEFAULT '0',
  PRIMARY KEY (`id`),
  KEY `marketUrl` (`marketUrl`)
) ENGINE=InnoDB  DEFAULT CHARSET=latin1 AUTO_INCREMENT=414 ;

--
-- Dumping data for table `markets`
--

INSERT INTO `markets` (`id`, `marketTitle`, `marketName`, `marketUrl`, `dateAdded`, `lastProcessed`, `underProcess`) VALUES
(1, 'SF bay area', 'sfbay', 'http://sfbay.craigslist.org/', 1329116950, 0, 2),
(2, 'abilene', 'abilene', 'http://abilene.craigslist.org/', 1329116950, 0, 2),
(3, 'akron / canton', 'akroncanton', 'http://akroncanton.craigslist.org/', 1329116950, 0, 2),
(4, 'albany', 'albany', 'http://albany.craigslist.org/', 1329116950, 0, 2),
(5, 'albany, GA', 'albanyga', 'http://albanyga.craigslist.org/', 1329116950, 0, 2),
(6, 'albuquerque', 'albuquerque', 'http://albuquerque.craigslist.org/', 1329116950, 0, 2),
(7, 'altoona-johnstown', 'altoona', 'http://altoona.craigslist.org/', 1329116950, 0, 2),
(8, 'amarillo', 'amarillo', 'http://amarillo.craigslist.org/', 1329116950, 0, 2),
(9, 'ames, IA', 'ames', 'http://ames.craigslist.org/', 1329116950, 0, 2),
(10, 'anchorage / mat-su', 'anchorage', 'http://anchorage.craigslist.org/', 1329116950, 0, 2),
(11, 'ann arbor', 'annarbor', 'http://annarbor.craigslist.org/', 1329116950, 0, 2),
(12, 'annapolis', 'annapolis', 'http://annapolis.craigslist.org/', 1329116950, 0, 2),
(13, 'appleton-oshkosh-FDL', 'appleton', 'http://appleton.craigslist.org/', 1329116950, 0, 2),
(14, 'asheville', 'asheville', 'http://asheville.craigslist.org/', 1329116950, 0, 2),
(15, 'ashtabula', 'ashtabula', 'http://ashtabula.craigslist.org/', 1329116950, 0, 2),
(16, 'athens, GA', 'athensga', 'http://athensga.craigslist.org/', 1329116950, 0, 2),
(17, 'athens, OH', 'athensohio', 'http://athensohio.craigslist.org/', 1329116950, 0, 2),
(18, 'atlanta', 'atlanta', 'http://atlanta.craigslist.org/', 1329116950, 0, 2),
(19, 'auburn', 'auburn', 'http://auburn.craigslist.org/', 1329116950, 0, 2),
(20, 'augusta', 'augusta', 'http://augusta.craigslist.org/', 1329116950, 0, 2),
(21, 'austin', 'austin', 'http://austin.craigslist.org/', 1329116950, 0, 2),
(22, 'bakersfield', 'bakersfield', 'http://bakersfield.craigslist.org/', 1329116950, 0, 2),
(23, 'baltimore', 'baltimore', 'http://baltimore.craigslist.org/', 1329116950, 0, 2),
(24, 'baton rouge', 'batonrouge', 'http://batonrouge.craigslist.org/', 1329116950, 0, 2),
(25, 'battle creek', 'battlecreek', 'http://battlecreek.craigslist.org/', 1329116950, 0, 2),
(26, 'beaumont / port arthur', 'beaumont', 'http://beaumont.craigslist.org/', 1329116950, 0, 2),
(27, 'bellingham', 'bellingham', 'http://bellingham.craigslist.org/', 1329116951, 0, 2),
(28, 'bemidji', 'bemidji', 'http://bemidji.craigslist.org/', 1329116951, 0, 2),
(29, 'bend', 'bend', 'http://bend.craigslist.org/', 1329116951, 0, 2),
(30, 'billings', 'billings', 'http://billings.craigslist.org/', 1329116951, 0, 2),
(31, 'binghamton', 'binghamton', 'http://binghamton.craigslist.org/', 1329116951, 0, 2),
(32, 'birmingham, AL', 'bham', 'http://bham.craigslist.org/', 1329116951, 0, 2),
(33, 'bismarck', 'bismarck', 'http://bismarck.craigslist.org/', 1329116951, 0, 2),
(34, 'bloomington, IN', 'bloomington', 'http://bloomington.craigslist.org/', 1329116951, 0, 2),
(35, 'bloomington-normal', 'bn', 'http://bn.craigslist.org/', 1329116951, 0, 2),
(36, 'boise', 'boise', 'http://boise.craigslist.org/', 1329116951, 0, 2),
(37, 'boone', 'boone', 'http://boone.craigslist.org/', 1329116951, 0, 2),
(38, 'boston', 'boston', 'http://boston.craigslist.org/', 1329116951, 0, 2),
(39, 'boulder', 'boulder', 'http://boulder.craigslist.org/', 1329116951, 0, 2),
(40, 'bowling green', 'bgky', 'http://bgky.craigslist.org/', 1329116951, 0, 2),
(41, 'bozeman', 'bozeman', 'http://bozeman.craigslist.org/', 1329116951, 0, 2),
(42, 'brainerd', 'brainerd', 'http://brainerd.craigslist.org/', 1329116951, 0, 2),
(43, 'brownsville', 'brownsville', 'http://brownsville.craigslist.org/', 1329116951, 0, 2),
(44, 'brunswick, GA', 'brunswick', 'http://brunswick.craigslist.org/', 1329116951, 0, 2),
(45, 'buffalo', 'buffalo', 'http://buffalo.craigslist.org/', 1329116951, 0, 2),
(46, 'butte', 'butte', 'http://butte.craigslist.org/', 1329116951, 0, 2),
(47, 'cape cod / islands', 'capecod', 'http://capecod.craigslist.org/', 1329116951, 0, 2),
(48, 'catskills', 'catskills', 'http://catskills.craigslist.org/', 1329116951, 0, 2),
(49, 'cedar rapids', 'cedarrapids', 'http://cedarrapids.craigslist.org/', 1329116951, 0, 2),
(50, 'central NJ', 'cnj', 'http://cnj.craigslist.org/', 1329116951, 0, 2),
(51, 'central louisiana', 'cenla', 'http://cenla.craigslist.org/', 1329116952, 0, 2),
(52, 'central michigan', 'centralmich', 'http://centralmich.craigslist.org/', 1329116952, 0, 2),
(53, 'champaign urbana', 'chambana', 'http://chambana.craigslist.org/', 1329116952, 0, 2),
(54, 'charleston, SC', 'charleston', 'http://charleston.craigslist.org/', 1329116952, 0, 2),
(55, 'charleston, WV', 'charlestonwv', 'http://charlestonwv.craigslist.org/', 1329116952, 0, 2),
(56, 'charlotte', 'charlotte', 'http://charlotte.craigslist.org/', 1329116952, 0, 2),
(57, 'charlottesville', 'charlottesville', 'http://charlottesville.craigslist.org/', 1329116952, 0, 2),
(58, 'chattanooga', 'chattanooga', 'http://chattanooga.craigslist.org/', 1329116952, 0, 2),
(59, 'chautauqua', 'chautauqua', 'http://chautauqua.craigslist.org/', 1329116952, 0, 2),
(60, 'chicago', 'chicago', 'http://chicago.craigslist.org/', 1329116952, 0, 2),
(61, 'chico', 'chico', 'http://chico.craigslist.org/', 1329116952, 0, 2),
(62, 'chillicothe', 'chillicothe', 'http://chillicothe.craigslist.org/', 1329116952, 0, 2),
(63, 'cincinnati, OH', 'cincinnati', 'http://cincinnati.craigslist.org/', 1329116952, 0, 2),
(64, 'clarksville, TN', 'clarksville', 'http://clarksville.craigslist.org/', 1329116952, 0, 2),
(65, 'cleveland', 'cleveland', 'http://cleveland.craigslist.org/', 1329116952, 0, 2),
(66, 'clovis / portales', 'clovis', 'http://clovis.craigslist.org/', 1329116952, 0, 2),
(67, 'college station', 'collegestation', 'http://collegestation.craigslist.org/', 1329116952, 0, 2),
(68, 'colorado springs', 'cosprings', 'http://cosprings.craigslist.org/', 1329116952, 0, 2),
(69, 'columbia / jeff city', 'columbiamo', 'http://columbiamo.craigslist.org/', 1329116952, 0, 2),
(70, 'columbia, SC', 'columbia', 'http://columbia.craigslist.org/', 1329116952, 0, 2),
(71, 'columbus', 'columbus', 'http://columbus.craigslist.org/', 1329116952, 0, 2),
(72, 'columbus, GA', 'columbusga', 'http://columbusga.craigslist.org/', 1329116952, 0, 2),
(73, 'cookeville', 'cookeville', 'http://cookeville.craigslist.org/', 1329116952, 0, 2),
(74, 'corpus christi', 'corpuschristi', 'http://corpuschristi.craigslist.org/', 1329116952, 0, 2),
(75, 'corvallis/albany', 'corvallis', 'http://corvallis.craigslist.org/', 1329116952, 0, 2),
(76, 'cumberland valley', 'chambersburg', 'http://chambersburg.craigslist.org/', 1329116952, 0, 2),
(77, 'dallas / fort worth', 'dallas', 'http://dallas.craigslist.org/', 1329116952, 0, 2),
(78, 'danville', 'danville', 'http://danville.craigslist.org/', 1329116952, 0, 2),
(79, 'dayton / springfield', 'dayton', 'http://dayton.craigslist.org/', 1329116952, 0, 2),
(80, 'daytona beach', 'daytona', 'http://daytona.craigslist.org/', 1329116952, 0, 2),
(81, 'decatur, IL', 'decatur', 'http://decatur.craigslist.org/', 1329116953, 0, 2),
(82, 'deep east texas', 'nacogdoches', 'http://nacogdoches.craigslist.org/', 1329116953, 0, 2),
(83, 'del rio / eagle pass', 'delrio', 'http://delrio.craigslist.org/', 1329116953, 0, 2),
(84, 'delaware', 'delaware', 'http://delaware.craigslist.org/', 1329116953, 0, 2),
(85, 'denver', 'denver', 'http://denver.craigslist.org/', 1329116953, 0, 2),
(86, 'des moines', 'desmoines', 'http://desmoines.craigslist.org/', 1329116953, 0, 2),
(87, 'detroit metro', 'detroit', 'http://detroit.craigslist.org/', 1329116953, 0, 2),
(88, 'dothan, AL', 'dothan', 'http://dothan.craigslist.org/', 1329116953, 0, 2),
(89, 'dubuque', 'dubuque', 'http://dubuque.craigslist.org/', 1329116953, 0, 2),
(90, 'duluth / superior', 'duluth', 'http://duluth.craigslist.org/', 1329116953, 0, 2),
(91, 'east idaho', 'eastidaho', 'http://eastidaho.craigslist.org/', 1329116953, 0, 2),
(92, 'east oregon', 'eastoregon', 'http://eastoregon.craigslist.org/', 1329116953, 0, 2),
(93, 'eastern CO', 'eastco', 'http://eastco.craigslist.org/', 1329116953, 0, 2),
(94, 'eastern CT', 'newlondon', 'http://newlondon.craigslist.org/', 1329116953, 0, 2),
(95, 'eastern NC', 'eastnc', 'http://eastnc.craigslist.org/', 1329116953, 0, 2),
(96, 'eastern kentucky', 'eastky', 'http://eastky.craigslist.org/', 1329116953, 0, 2),
(97, 'eastern panhandle', 'martinsburg', 'http://martinsburg.craigslist.org/', 1329116953, 0, 2),
(98, 'eastern shore', 'easternshore', 'http://easternshore.craigslist.org/', 1329116953, 0, 2),
(99, 'eau claire', 'eauclaire', 'http://eauclaire.craigslist.org/', 1329116953, 0, 2),
(100, 'el paso', 'elpaso', 'http://elpaso.craigslist.org/', 1329116953, 0, 2),
(101, 'elko', 'elko', 'http://elko.craigslist.org/', 1329116953, 0, 2),
(102, 'elmira-corning', 'elmira', 'http://elmira.craigslist.org/', 1329116953, 0, 2),
(103, 'erie, PA', 'erie', 'http://erie.craigslist.org/', 1329116953, 0, 2),
(104, 'eugene', 'eugene', 'http://eugene.craigslist.org/', 1329116953, 0, 2),
(105, 'evansville', 'evansville', 'http://evansville.craigslist.org/', 1329116953, 0, 2),
(106, 'fairbanks', 'fairbanks', 'http://fairbanks.craigslist.org/', 1329116954, 0, 2),
(107, 'fargo / moorhead', 'fargo', 'http://fargo.craigslist.org/', 1329116954, 0, 2),
(108, 'farmington, NM', 'farmington', 'http://farmington.craigslist.org/', 1329116954, 0, 2),
(109, 'fayetteville', 'fayetteville', 'http://fayetteville.craigslist.org/', 1329116954, 0, 2),
(110, 'fayetteville, AR', 'fayar', 'http://fayar.craigslist.org/', 1329116954, 0, 2),
(111, 'finger lakes', 'fingerlakes', 'http://fingerlakes.craigslist.org/', 1329116954, 0, 2),
(112, 'flagstaff / sedona', 'flagstaff', 'http://flagstaff.craigslist.org/', 1329116954, 0, 2),
(113, 'flint', 'flint', 'http://flint.craigslist.org/', 1329116954, 0, 2),
(114, 'florence / muscle shoals', 'shoals', 'http://shoals.craigslist.org/', 1329116954, 0, 2),
(115, 'florence, SC', 'florencesc', 'http://florencesc.craigslist.org/', 1329116954, 0, 2),
(116, 'florida keys', 'keys', 'http://keys.craigslist.org/', 1329116954, 0, 2),
(117, 'fort collins / north CO', 'fortcollins', 'http://fortcollins.craigslist.org/', 1329116954, 0, 2),
(118, 'fort dodge', 'fortdodge', 'http://fortdodge.craigslist.org/', 1329116954, 0, 2),
(119, 'fort smith, AR', 'fortsmith', 'http://fortsmith.craigslist.org/', 1329116954, 0, 2),
(120, 'fort wayne', 'fortwayne', 'http://fortwayne.craigslist.org/', 1329116954, 0, 2),
(121, 'frederick', 'frederick', 'http://frederick.craigslist.org/', 1329116954, 0, 2),
(122, 'fredericksburg', 'fredericksburg', 'http://fredericksburg.craigslist.org/', 1329116954, 0, 2),
(123, 'fresno / madera', 'fresno', 'http://fresno.craigslist.org/', 1329116954, 0, 2),
(124, 'ft myers / SW florida', 'fortmyers', 'http://fortmyers.craigslist.org/', 1329116954, 0, 2),
(125, 'gadsden-anniston', 'gadsden', 'http://gadsden.craigslist.org/', 1329116954, 0, 2),
(126, 'gainesville', 'gainesville', 'http://gainesville.craigslist.org/', 1329116954, 0, 2),
(127, 'galveston', 'galveston', 'http://galveston.craigslist.org/', 1329116954, 0, 2),
(128, 'glens falls', 'glensfalls', 'http://glensfalls.craigslist.org/', 1329116954, 0, 2),
(129, 'gold country', 'goldcountry', 'http://goldcountry.craigslist.org/', 1329116954, 0, 2),
(130, 'grand forks', 'grandforks', 'http://grandforks.craigslist.org/', 1329116954, 0, 2),
(131, 'grand island', 'grandisland', 'http://grandisland.craigslist.org/', 1329116954, 0, 2),
(132, 'grand rapids', 'grandrapids', 'http://grandrapids.craigslist.org/', 1329116954, 0, 2),
(133, 'great falls', 'greatfalls', 'http://greatfalls.craigslist.org/', 1329116954, 0, 2),
(134, 'green bay', 'greenbay', 'http://greenbay.craigslist.org/', 1329116954, 0, 2),
(135, 'greensboro', 'greensboro', 'http://greensboro.craigslist.org/', 1329116954, 0, 2),
(136, 'greenville / upstate', 'greenville', 'http://greenville.craigslist.org/', 1329116955, 0, 2),
(137, 'gulfport / biloxi', 'gulfport', 'http://gulfport.craigslist.org/', 1329116955, 0, 2),
(138, 'hampton roads', 'norfolk', 'http://norfolk.craigslist.org/', 1329116955, 0, 2),
(139, 'hanford-corcoran', 'hanford', 'http://hanford.craigslist.org/', 1329116955, 0, 2),
(140, 'harrisburg', 'harrisburg', 'http://harrisburg.craigslist.org/', 1329116955, 0, 2),
(141, 'harrisonburg', 'harrisonburg', 'http://harrisonburg.craigslist.org/', 1329116955, 0, 2),
(142, 'hartford', 'hartford', 'http://hartford.craigslist.org/', 1329116955, 0, 2),
(143, 'hattiesburg', 'hattiesburg', 'http://hattiesburg.craigslist.org/', 1329116955, 0, 2),
(144, 'hawaii', 'honolulu', 'http://honolulu.craigslist.org/', 1329116955, 0, 2),
(145, 'heartland florida', 'cfl', 'http://cfl.craigslist.org/', 1329116955, 0, 2),
(146, 'helena', 'helena', 'http://helena.craigslist.org/', 1329116955, 0, 2),
(147, 'hickory / lenoir', 'hickory', 'http://hickory.craigslist.org/', 1329116955, 0, 2),
(148, 'high rockies', 'rockies', 'http://rockies.craigslist.org/', 1329116955, 0, 2),
(149, 'hilton head', 'hiltonhead', 'http://hiltonhead.craigslist.org/', 1329116955, 0, 2),
(150, 'holland', 'holland', 'http://holland.craigslist.org/', 1329116955, 0, 2),
(151, 'houma', 'houma', 'http://houma.craigslist.org/', 1329116955, 0, 2),
(152, 'houston', 'houston', 'http://houston.craigslist.org/', 1329116955, 0, 2),
(153, 'hudson valley', 'hudsonvalley', 'http://hudsonvalley.craigslist.org/', 1329116955, 0, 2),
(154, 'humboldt county', 'humboldt', 'http://humboldt.craigslist.org/', 1329116955, 0, 2),
(155, 'huntington-ashland', 'huntington', 'http://huntington.craigslist.org/', 1329116955, 0, 2),
(156, 'huntsville / decatur', 'huntsville', 'http://huntsville.craigslist.org/', 1329116955, 0, 2),
(157, 'imperial county', 'imperial', 'http://imperial.craigslist.org/', 1329116955, 0, 2),
(158, 'indianapolis', 'indianapolis', 'http://indianapolis.craigslist.org/', 1329116955, 0, 2),
(159, 'inland empire', 'inlandempire', 'http://inlandempire.craigslist.org/', 1329116955, 0, 2),
(160, 'iowa city', 'iowacity', 'http://iowacity.craigslist.org/', 1329116955, 0, 2),
(161, 'ithaca', 'ithaca', 'http://ithaca.craigslist.org/', 1329116955, 0, 2),
(162, 'jackson, MI', 'jxn', 'http://jxn.craigslist.org/', 1329116955, 0, 2),
(163, 'jackson, MS', 'jackson', 'http://jackson.craigslist.org/', 1329116955, 0, 2),
(164, 'jackson, TN', 'jacksontn', 'http://jacksontn.craigslist.org/', 1329116956, 0, 2),
(165, 'jacksonville', 'jacksonville', 'http://jacksonville.craigslist.org/', 1329116956, 0, 2),
(166, 'jacksonville, NC', 'onslow', 'http://onslow.craigslist.org/', 1329116956, 0, 2),
(167, 'janesville', 'janesville', 'http://janesville.craigslist.org/', 1329116956, 0, 2),
(168, 'jersey shore', 'jerseyshore', 'http://jerseyshore.craigslist.org/', 1329116956, 0, 2),
(169, 'jonesboro', 'jonesboro', 'http://jonesboro.craigslist.org/', 1329116956, 0, 2),
(170, 'joplin', 'joplin', 'http://joplin.craigslist.org/', 1329116956, 0, 2),
(171, 'kalamazoo', 'kalamazoo', 'http://kalamazoo.craigslist.org/', 1329116956, 0, 2),
(172, 'kalispell', 'kalispell', 'http://kalispell.craigslist.org/', 1329116956, 0, 2),
(173, 'kansas city, MO', 'kansascity', 'http://kansascity.craigslist.org/', 1329116956, 0, 2),
(174, 'kenai peninsula', 'kenai', 'http://kenai.craigslist.org/', 1329116956, 0, 2),
(175, 'kennewick-pasco-richland', 'kpr', 'http://kpr.craigslist.org/', 1329116956, 0, 2),
(176, 'kenosha-racine', 'racine', 'http://racine.craigslist.org/', 1329116956, 0, 2),
(177, 'killeen / temple / ft hood', 'killeen', 'http://killeen.craigslist.org/', 1329116956, 0, 2),
(178, 'kirksville', 'kirksville', 'http://kirksville.craigslist.org/', 1329116956, 0, 2),
(179, 'klamath falls', 'klamath', 'http://klamath.craigslist.org/', 1329116956, 0, 2),
(180, 'knoxville', 'knoxville', 'http://knoxville.craigslist.org/', 1329116956, 0, 2),
(181, 'kokomo', 'kokomo', 'http://kokomo.craigslist.org/', 1329116956, 0, 2),
(182, 'la crosse', 'lacrosse', 'http://lacrosse.craigslist.org/', 1329116956, 0, 2),
(183, 'la salle co', 'lasalle', 'http://lasalle.craigslist.org/', 1329116956, 0, 2),
(184, 'lafayette', 'lafayette', 'http://lafayette.craigslist.org/', 1329116956, 0, 2),
(185, 'lafayette / west lafayette', 'tippecanoe', 'http://tippecanoe.craigslist.org/', 1329116956, 0, 2),
(186, 'lake charles', 'lakecharles', 'http://lakecharles.craigslist.org/', 1329116956, 0, 2),
(187, 'lake of the ozarks', 'loz', 'http://loz.craigslist.org/', 1329116956, 0, 2),
(188, 'lakeland', 'lakeland', 'http://lakeland.craigslist.org/', 1329116956, 0, 2),
(189, 'lancaster, PA', 'lancaster', 'http://lancaster.craigslist.org/', 1329116956, 0, 2),
(190, 'lansing', 'lansing', 'http://lansing.craigslist.org/', 1329116956, 0, 2),
(191, 'laredo', 'laredo', 'http://laredo.craigslist.org/', 1329116956, 0, 2),
(192, 'las cruces', 'lascruces', 'http://lascruces.craigslist.org/', 1329116957, 0, 2),
(193, 'las vegas', 'lasvegas', 'http://lasvegas.craigslist.org/', 1329116957, 0, 2),
(194, 'lawrence', 'lawrence', 'http://lawrence.craigslist.org/', 1329116957, 0, 2),
(195, 'lawton', 'lawton', 'http://lawton.craigslist.org/', 1329116957, 0, 2),
(196, 'lehigh valley', 'allentown', 'http://allentown.craigslist.org/', 1329116957, 0, 2),
(197, 'lewiston / clarkston', 'lewiston', 'http://lewiston.craigslist.org/', 1329116957, 0, 2),
(198, 'lexington, KY', 'lexington', 'http://lexington.craigslist.org/', 1329116957, 0, 2),
(199, 'lima / findlay', 'limaohio', 'http://limaohio.craigslist.org/', 1329116957, 0, 2),
(200, 'lincoln', 'lincoln', 'http://lincoln.craigslist.org/', 1329116957, 0, 2),
(201, 'little rock', 'littlerock', 'http://littlerock.craigslist.org/', 1329116957, 0, 2),
(202, 'logan', 'logan', 'http://logan.craigslist.org/', 1329116957, 0, 2),
(203, 'long island', 'longisland', 'http://longisland.craigslist.org/', 1329116957, 0, 2),
(204, 'los angeles', 'losangeles', 'http://losangeles.craigslist.org/', 1329116957, 0, 2),
(205, 'louisville', 'louisville', 'http://louisville.craigslist.org/', 1329116957, 0, 2),
(206, 'lubbock', 'lubbock', 'http://lubbock.craigslist.org/', 1329116957, 0, 2),
(207, 'lynchburg', 'lynchburg', 'http://lynchburg.craigslist.org/', 1329116957, 0, 2),
(208, 'macon / warner robins', 'macon', 'http://macon.craigslist.org/', 1329116957, 0, 2),
(209, 'madison', 'madison', 'http://madison.craigslist.org/', 1329116957, 0, 2),
(210, 'maine', 'maine', 'http://maine.craigslist.org/', 1329116957, 0, 2),
(211, 'manhattan, KS', 'ksu', 'http://ksu.craigslist.org/', 1329116957, 0, 2),
(212, 'mankato', 'mankato', 'http://mankato.craigslist.org/', 1329116957, 0, 2),
(213, 'mansfield', 'mansfield', 'http://mansfield.craigslist.org/', 1329116957, 0, 2),
(214, 'mason city', 'masoncity', 'http://masoncity.craigslist.org/', 1329116957, 0, 2),
(215, 'mattoon-charleston', 'mattoon', 'http://mattoon.craigslist.org/', 1329116958, 0, 2),
(216, 'mcallen / edinburg', 'mcallen', 'http://mcallen.craigslist.org/', 1329116958, 0, 2),
(217, 'meadville', 'meadville', 'http://meadville.craigslist.org/', 1329116958, 0, 2),
(218, 'medford-ashland', 'medford', 'http://medford.craigslist.org/', 1329116958, 0, 2),
(219, 'memphis, TN', 'memphis', 'http://memphis.craigslist.org/', 1329116958, 0, 2),
(220, 'mendocino county', 'mendocino', 'http://mendocino.craigslist.org/', 1329116958, 0, 2),
(221, 'merced', 'merced', 'http://merced.craigslist.org/', 1329116958, 0, 2),
(222, 'meridian', 'meridian', 'http://meridian.craigslist.org/', 1329116958, 0, 2),
(223, 'milwaukee', 'milwaukee', 'http://milwaukee.craigslist.org/', 1329116958, 0, 2),
(224, 'minneapolis / st paul', 'minneapolis', 'http://minneapolis.craigslist.org/', 1329116958, 0, 2),
(225, 'missoula', 'missoula', 'http://missoula.craigslist.org/', 1329116958, 0, 2),
(226, 'mobile', 'mobile', 'http://mobile.craigslist.org/', 1329116958, 0, 2),
(227, 'modesto', 'modesto', 'http://modesto.craigslist.org/', 1329116958, 0, 2),
(228, 'mohave county', 'mohave', 'http://mohave.craigslist.org/', 1329116958, 0, 2),
(229, 'monroe', 'monroemi', 'http://monroemi.craigslist.org/', 1329116958, 0, 2),
(230, 'monroe, LA', 'monroe', 'http://monroe.craigslist.org/', 1329116958, 0, 2),
(231, 'montana (old)', 'montana', 'http://montana.craigslist.org/', 1329116958, 0, 2),
(232, 'monterey bay', 'monterey', 'http://monterey.craigslist.org/', 1329116958, 0, 2),
(233, 'montgomery', 'montgomery', 'http://montgomery.craigslist.org/', 1329116958, 0, 2),
(234, 'morgantown', 'morgantown', 'http://morgantown.craigslist.org/', 1329116958, 0, 2),
(235, 'moses lake', 'moseslake', 'http://moseslake.craigslist.org/', 1329116958, 0, 2),
(236, 'muncie / anderson', 'muncie', 'http://muncie.craigslist.org/', 1329116958, 0, 2),
(237, 'muskegon', 'muskegon', 'http://muskegon.craigslist.org/', 1329116958, 0, 2),
(238, 'myrtle beach', 'myrtlebeach', 'http://myrtlebeach.craigslist.org/', 1329116958, 0, 2),
(239, 'nashville', 'nashville', 'http://nashville.craigslist.org/', 1329116958, 0, 2),
(240, 'new hampshire', 'nh', 'http://nh.craigslist.org/', 1329116958, 0, 2),
(241, 'new haven', 'newhaven', 'http://newhaven.craigslist.org/', 1329116958, 0, 2),
(242, 'new orleans', 'neworleans', 'http://neworleans.craigslist.org/', 1329116958, 0, 2),
(243, 'new river valley', 'blacksburg', 'http://blacksburg.craigslist.org/', 1329116958, 0, 2),
(244, 'new york city', 'newyork', 'http://newyork.craigslist.org/', 1329116958, 0, 2),
(245, 'north central FL', 'lakecity', 'http://lakecity.craigslist.org/', 1329116959, 0, 2),
(246, 'north dakota', 'nd', 'http://nd.craigslist.org/', 1329116959, 0, 2),
(247, 'north jersey', 'newjersey', 'http://newjersey.craigslist.org/', 1329116959, 0, 2),
(248, 'north mississippi', 'northmiss', 'http://northmiss.craigslist.org/', 1329116959, 0, 2),
(249, 'north platte', 'northplatte', 'http://northplatte.craigslist.org/', 1329116959, 0, 2),
(250, 'northeast SD', 'nesd', 'http://nesd.craigslist.org/', 1329116959, 0, 2),
(251, 'northern WI', 'northernwi', 'http://northernwi.craigslist.org/', 1329116959, 0, 2),
(252, 'northern michigan', 'nmi', 'http://nmi.craigslist.org/', 1329116959, 0, 2),
(253, 'northern panhandle', 'wheeling', 'http://wheeling.craigslist.org/', 1329116959, 0, 2),
(254, 'northwest CT', 'nwct', 'http://nwct.craigslist.org/', 1329116959, 0, 2),
(255, 'northwest GA', 'nwga', 'http://nwga.craigslist.org/', 1329116959, 0, 2),
(256, 'northwest KS', 'nwks', 'http://nwks.craigslist.org/', 1329116959, 0, 2),
(257, 'northwest OK', 'enid', 'http://enid.craigslist.org/', 1329116959, 0, 2),
(258, 'ocala', 'ocala', 'http://ocala.craigslist.org/', 1329116959, 0, 2),
(259, 'odessa / midland', 'odessa', 'http://odessa.craigslist.org/', 1329116959, 0, 2),
(260, 'ogden-clearfield', 'ogden', 'http://ogden.craigslist.org/', 1329116959, 0, 2),
(261, 'okaloosa / walton', 'okaloosa', 'http://okaloosa.craigslist.org/', 1329116959, 0, 2),
(262, 'oklahoma city', 'oklahomacity', 'http://oklahomacity.craigslist.org/', 1329116959, 0, 2),
(263, 'olympic peninsula', 'olympic', 'http://olympic.craigslist.org/', 1329116959, 0, 2),
(264, 'omaha / council bluffs', 'omaha', 'http://omaha.craigslist.org/', 1329116959, 0, 2),
(265, 'oneonta', 'oneonta', 'http://oneonta.craigslist.org/', 1329116959, 0, 2),
(266, 'orange county', 'orangecounty', 'http://orangecounty.craigslist.org/', 1329116959, 0, 2),
(267, 'oregon coast', 'oregoncoast', 'http://oregoncoast.craigslist.org/', 1329116959, 0, 2),
(268, 'orlando', 'orlando', 'http://orlando.craigslist.org/', 1329116959, 0, 2),
(269, 'outer banks', 'outerbanks', 'http://outerbanks.craigslist.org/', 1329116959, 0, 2),
(270, 'owensboro', 'owensboro', 'http://owensboro.craigslist.org/', 1329116959, 0, 2),
(271, 'palm springs, CA', 'palmsprings', 'http://palmsprings.craigslist.org/', 1329116960, 0, 2),
(272, 'panama city, FL', 'panamacity', 'http://panamacity.craigslist.org/', 1329116960, 0, 2),
(273, 'parkersburg-marietta', 'parkersburg', 'http://parkersburg.craigslist.org/', 1329116960, 0, 2),
(274, 'pensacola', 'pensacola', 'http://pensacola.craigslist.org/', 1329116960, 0, 2),
(275, 'peoria', 'peoria', 'http://peoria.craigslist.org/', 1329116960, 0, 2),
(276, 'philadelphia', 'philadelphia', 'http://philadelphia.craigslist.org/', 1329116960, 0, 2),
(277, 'phoenix', 'phoenix', 'http://phoenix.craigslist.org/', 1329116960, 0, 2),
(278, 'pierre / central SD', 'csd', 'http://csd.craigslist.org/', 1329116960, 0, 2),
(279, 'pittsburgh', 'pittsburgh', 'http://pittsburgh.craigslist.org/', 1329116960, 0, 2),
(280, 'plattsburgh-adirondacks', 'plattsburgh', 'http://plattsburgh.craigslist.org/', 1329116960, 0, 2),
(281, 'poconos', 'poconos', 'http://poconos.craigslist.org/', 1329116960, 0, 2),
(282, 'port huron', 'porthuron', 'http://porthuron.craigslist.org/', 1329116960, 0, 2),
(283, 'portland, OR', 'portland', 'http://portland.craigslist.org/', 1329116960, 0, 2),
(284, 'potsdam-canton-massena', 'potsdam', 'http://potsdam.craigslist.org/', 1329116960, 0, 2),
(285, 'prescott', 'prescott', 'http://prescott.craigslist.org/', 1329116960, 0, 2),
(286, 'provo / orem', 'provo', 'http://provo.craigslist.org/', 1329116960, 0, 2),
(287, 'pueblo', 'pueblo', 'http://pueblo.craigslist.org/', 1329116960, 0, 2),
(288, 'pullman / moscow', 'pullman', 'http://pullman.craigslist.org/', 1329116960, 0, 2),
(289, 'quad cities, IA/IL', 'quadcities', 'http://quadcities.craigslist.org/', 1329116960, 0, 2),
(290, 'raleigh / durham / CH', 'raleigh', 'http://raleigh.craigslist.org/', 1329116960, 0, 2),
(291, 'rapid city / west SD', 'rapidcity', 'http://rapidcity.craigslist.org/', 1329116960, 0, 2),
(292, 'reading', 'reading', 'http://reading.craigslist.org/', 1329116960, 0, 2),
(293, 'redding', 'redding', 'http://redding.craigslist.org/', 1329116960, 0, 2),
(294, 'reno / tahoe', 'reno', 'http://reno.craigslist.org/', 1329116960, 0, 2),
(295, 'rhode island', 'providence', 'http://providence.craigslist.org/', 1329116960, 0, 2),
(296, 'richmond', 'richmond', 'http://richmond.craigslist.org/', 1329116960, 0, 2),
(297, 'richmond, IN', 'richmondin', 'http://richmondin.craigslist.org/', 1329116960, 0, 2),
(298, 'roanoke', 'roanoke', 'http://roanoke.craigslist.org/', 1329116961, 0, 2),
(299, 'rochester, MN', 'rmn', 'http://rmn.craigslist.org/', 1329116961, 0, 2),
(300, 'rochester, NY', 'rochester', 'http://rochester.craigslist.org/', 1329116961, 0, 2),
(301, 'rockford', 'rockford', 'http://rockford.craigslist.org/', 1329116961, 0, 2),
(302, 'roseburg', 'roseburg', 'http://roseburg.craigslist.org/', 1329116961, 0, 2),
(303, 'roswell / carlsbad', 'roswell', 'http://roswell.craigslist.org/', 1329116961, 0, 2),
(304, 'sacramento', 'sacramento', 'http://sacramento.craigslist.org/', 1329116961, 0, 2),
(305, 'saginaw-midland-baycity', 'saginaw', 'http://saginaw.craigslist.org/', 1329116961, 0, 2),
(306, 'salem, OR', 'salem', 'http://salem.craigslist.org/', 1329116961, 0, 2),
(307, 'salina', 'salina', 'http://salina.craigslist.org/', 1329116961, 0, 2),
(308, 'salt lake city', 'saltlakecity', 'http://saltlakecity.craigslist.org/', 1329116961, 0, 2),
(309, 'san angelo', 'sanangelo', 'http://sanangelo.craigslist.org/', 1329116961, 0, 2),
(310, 'san antonio', 'sanantonio', 'http://sanantonio.craigslist.org/', 1329116961, 0, 2),
(311, 'san diego', 'sandiego', 'http://sandiego.craigslist.org/', 1329116961, 0, 2),
(312, 'san luis obispo', 'slo', 'http://slo.craigslist.org/', 1329116961, 0, 2),
(313, 'san marcos', 'sanmarcos', 'http://sanmarcos.craigslist.org/', 1329116961, 0, 2),
(314, 'sandusky', 'sandusky', 'http://sandusky.craigslist.org/', 1329116961, 0, 2),
(315, 'santa barbara', 'santabarbara', 'http://santabarbara.craigslist.org/', 1329116961, 0, 2),
(316, 'santa fe / taos', 'santafe', 'http://santafe.craigslist.org/', 1329116961, 0, 2),
(317, 'santa maria', 'santamaria', 'http://santamaria.craigslist.org/', 1329116961, 0, 2),
(318, 'sarasota-bradenton', 'sarasota', 'http://sarasota.craigslist.org/', 1329116961, 0, 2),
(319, 'savannah / hinesville', 'savannah', 'http://savannah.craigslist.org/', 1329116961, 0, 2),
(320, 'scottsbluff / panhandle', 'scottsbluff', 'http://scottsbluff.craigslist.org/', 1329116961, 0, 2),
(321, 'scranton / wilkes-barre', 'scranton', 'http://scranton.craigslist.org/', 1329116961, 0, 2),
(322, 'seattle-tacoma', 'seattle', 'http://seattle.craigslist.org/', 1329116961, 0, 2),
(323, 'sheboygan, WI', 'sheboygan', 'http://sheboygan.craigslist.org/', 1329116961, 0, 2),
(324, 'show low', 'showlow', 'http://showlow.craigslist.org/', 1329116961, 0, 2),
(325, 'shreveport', 'shreveport', 'http://shreveport.craigslist.org/', 1329116961, 0, 2),
(326, 'sierra vista', 'sierravista', 'http://sierravista.craigslist.org/', 1329116961, 0, 2),
(327, 'sioux city, IA', 'siouxcity', 'http://siouxcity.craigslist.org/', 1329116961, 0, 2),
(328, 'sioux falls / SE SD', 'siouxfalls', 'http://siouxfalls.craigslist.org/', 1329116962, 0, 2),
(329, 'siskiyou county', 'siskiyou', 'http://siskiyou.craigslist.org/', 1329116962, 0, 2),
(330, 'skagit / island / SJI', 'skagit', 'http://skagit.craigslist.org/', 1329116962, 0, 2),
(331, 'south bend / michiana', 'southbend', 'http://southbend.craigslist.org/', 1329116962, 0, 2),
(332, 'south coast', 'southcoast', 'http://southcoast.craigslist.org/', 1329116962, 0, 2),
(333, 'south dakota', 'sd', 'http://sd.craigslist.org/', 1329116962, 0, 2),
(334, 'south florida', 'miami', 'http://miami.craigslist.org/', 1329116962, 0, 2),
(335, 'south jersey', 'southjersey', 'http://southjersey.craigslist.org/', 1329116962, 0, 2),
(336, 'southeast IA', 'ottumwa', 'http://ottumwa.craigslist.org/', 1329116962, 0, 2),
(337, 'southeast KS', 'seks', 'http://seks.craigslist.org/', 1329116962, 0, 2),
(338, 'southeast alaska', 'juneau', 'http://juneau.craigslist.org/', 1329116962, 0, 2),
(339, 'southeast missouri', 'semo', 'http://semo.craigslist.org/', 1329116962, 0, 2),
(340, 'southern WV', 'swv', 'http://swv.craigslist.org/', 1329116962, 0, 2),
(341, 'southern illinois', 'carbondale', 'http://carbondale.craigslist.org/', 1329116962, 0, 2),
(342, 'southern maryland', 'smd', 'http://smd.craigslist.org/', 1329116962, 0, 2),
(343, 'southwest KS', 'swks', 'http://swks.craigslist.org/', 1329116962, 0, 2),
(344, 'southwest MN', 'marshall', 'http://marshall.craigslist.org/', 1329116962, 0, 2),
(345, 'southwest MS', 'natchez', 'http://natchez.craigslist.org/', 1329116962, 0, 2),
(346, 'southwest TX', 'bigbend', 'http://bigbend.craigslist.org/', 1329116962, 0, 2),
(347, 'southwest VA', 'swva', 'http://swva.craigslist.org/', 1329116962, 0, 2),
(348, 'southwest michigan', 'swmi', 'http://swmi.craigslist.org/', 1329116962, 0, 2),
(349, 'space coast', 'spacecoast', 'http://spacecoast.craigslist.org/', 1329116962, 0, 2),
(350, 'spokane / coeur d''alene', 'spokane', 'http://spokane.craigslist.org/', 1329116962, 0, 2),
(351, 'springfield, IL', 'springfieldil', 'http://springfieldil.craigslist.org/', 1329116962, 0, 2),
(352, 'springfield, MO', 'springfield', 'http://springfield.craigslist.org/', 1329116962, 0, 2),
(353, 'st augustine', 'staugustine', 'http://staugustine.craigslist.org/', 1329116962, 0, 2),
(354, 'st cloud', 'stcloud', 'http://stcloud.craigslist.org/', 1329116963, 0, 2),
(355, 'st george', 'stgeorge', 'http://stgeorge.craigslist.org/', 1329116963, 0, 2),
(356, 'st joseph', 'stjoseph', 'http://stjoseph.craigslist.org/', 1329116963, 0, 2),
(357, 'st louis, MO', 'stlouis', 'http://stlouis.craigslist.org/', 1329116963, 0, 2),
(358, 'state college', 'pennstate', 'http://pennstate.craigslist.org/', 1329116963, 0, 2),
(359, 'statesboro', 'statesboro', 'http://statesboro.craigslist.org/', 1329116963, 0, 2),
(360, 'stillwater', 'stillwater', 'http://stillwater.craigslist.org/', 1329116963, 0, 2),
(361, 'stockton', 'stockton', 'http://stockton.craigslist.org/', 1329116963, 0, 2),
(362, 'susanville', 'susanville', 'http://susanville.craigslist.org/', 1329116963, 0, 2),
(363, 'syracuse', 'syracuse', 'http://syracuse.craigslist.org/', 1329116963, 0, 2),
(364, 'tallahassee', 'tallahassee', 'http://tallahassee.craigslist.org/', 1329116963, 0, 2),
(365, 'tampa bay area', 'tampa', 'http://tampa.craigslist.org/', 1329116963, 0, 2),
(366, 'terre haute', 'terrehaute', 'http://terrehaute.craigslist.org/', 1329116963, 0, 2),
(367, 'texarkana', 'texarkana', 'http://texarkana.craigslist.org/', 1329116963, 0, 2),
(368, 'texoma', 'texoma', 'http://texoma.craigslist.org/', 1329116963, 0, 2),
(369, 'the thumb', 'thumb', 'http://thumb.craigslist.org/', 1329116963, 0, 2),
(370, 'toledo', 'toledo', 'http://toledo.craigslist.org/', 1329116963, 0, 2),
(371, 'topeka', 'topeka', 'http://topeka.craigslist.org/', 1329116963, 0, 2),
(372, 'treasure coast', 'treasure', 'http://treasure.craigslist.org/', 1329116963, 0, 2),
(373, 'tri-cities, TN', 'tricities', 'http://tricities.craigslist.org/', 1329116963, 0, 2),
(374, 'tucson', 'tucson', 'http://tucson.craigslist.org/', 1329116963, 0, 2),
(375, 'tulsa', 'tulsa', 'http://tulsa.craigslist.org/', 1329116963, 0, 2),
(376, 'tuscaloosa', 'tuscaloosa', 'http://tuscaloosa.craigslist.org/', 1329116963, 0, 2),
(377, 'tuscarawas co', 'tuscarawas', 'http://tuscarawas.craigslist.org/', 1329116963, 0, 2),
(378, 'twin falls', 'twinfalls', 'http://twinfalls.craigslist.org/', 1329116963, 0, 2),
(379, 'twin tiers NY/PA', 'twintiers', 'http://twintiers.craigslist.org/', 1329116963, 0, 2),
(380, 'tyler / east TX', 'easttexas', 'http://easttexas.craigslist.org/', 1329116963, 0, 2),
(381, 'upper peninsula', 'up', 'http://up.craigslist.org/', 1329116963, 0, 2),
(382, 'utica-rome-oneida', 'utica', 'http://utica.craigslist.org/', 1329116963, 0, 2),
(383, 'valdosta', 'valdosta', 'http://valdosta.craigslist.org/', 1329116964, 0, 2),
(384, 'ventura county', 'ventura', 'http://ventura.craigslist.org/', 1329116964, 0, 2),
(385, 'vermont', 'burlington', 'http://burlington.craigslist.org/', 1329116964, 0, 2),
(386, 'victoria, TX', 'victoriatx', 'http://victoriatx.craigslist.org/', 1329116964, 0, 2),
(387, 'visalia-tulare', 'visalia', 'http://visalia.craigslist.org/', 1329116964, 0, 2),
(388, 'waco', 'waco', 'http://waco.craigslist.org/', 1329116964, 0, 2),
(389, 'washington, DC', 'washingtondc', 'http://washingtondc.craigslist.org/', 1329116964, 0, 2),
(390, 'waterloo / cedar falls', 'waterloo', 'http://waterloo.craigslist.org/', 1329116964, 0, 2),
(391, 'watertown', 'watertown', 'http://watertown.craigslist.org/', 1329116964, 0, 2),
(392, 'wausau', 'wausau', 'http://wausau.craigslist.org/', 1329116964, 0, 2),
(393, 'wenatchee', 'wenatchee', 'http://wenatchee.craigslist.org/', 1329116964, 0, 2),
(394, 'west virginia (old)', 'wv', 'http://wv.craigslist.org/', 1329116964, 0, 2),
(395, 'western IL', 'quincy', 'http://quincy.craigslist.org/', 1329116964, 0, 2),
(396, 'western KY', 'westky', 'http://westky.craigslist.org/', 1329116964, 0, 2),
(397, 'western maryland', 'westmd', 'http://westmd.craigslist.org/', 1329116964, 0, 2),
(398, 'western massachusetts', 'westernmass', 'http://westernmass.craigslist.org/', 1329116964, 0, 2),
(399, 'western slope', 'westslope', 'http://westslope.craigslist.org/', 1329116964, 0, 2),
(400, 'wichita', 'wichita', 'http://wichita.craigslist.org/', 1329116964, 0, 2),
(401, 'wichita falls', 'wichitafalls', 'http://wichitafalls.craigslist.org/', 1329116964, 0, 2),
(402, 'williamsport', 'williamsport', 'http://williamsport.craigslist.org/', 1329116964, 0, 2),
(403, 'wilmington, NC', 'wilmington', 'http://wilmington.craigslist.org/', 1329116964, 0, 2),
(404, 'winchester', 'winchester', 'http://winchester.craigslist.org/', 1329116964, 0, 2),
(405, 'winston-salem', 'winstonsalem', 'http://winstonsalem.craigslist.org/', 1329116964, 0, 2),
(406, 'worcester / central MA', 'worcester', 'http://worcester.craigslist.org/', 1329116964, 0, 2),
(407, 'wyoming', 'wyoming', 'http://wyoming.craigslist.org/', 1329116964, 0, 2),
(408, 'yakima', 'yakima', 'http://yakima.craigslist.org/', 1329116964, 0, 2),
(409, 'york, PA', 'york', 'http://york.craigslist.org/', 1329116964, 0, 2),
(410, 'youngstown', 'youngstown', 'http://youngstown.craigslist.org/', 1329116964, 0, 2),
(411, 'yuba-sutter', 'yubasutter', 'http://yubasutter.craigslist.org/', 1329116964, 0, 2),
(412, 'yuma', 'yuma', 'http://yuma.craigslist.org/', 1329116964, 0, 2),
(413, 'zanesville / cambridge', 'zanesville', 'http://zanesville.craigslist.org/', 1329116965, 0, 2);

-- --------------------------------------------------------

--
-- Table structure for table `proxy`
--

CREATE TABLE IF NOT EXISTS `proxy` (
  `id` int(11) NOT NULL AUTO_INCREMENT,
  `source` varchar(50) NOT NULL,
  `proxy` varchar(25) NOT NULL,
  `mid` int(11) NOT NULL DEFAULT '0',
  `country` varchar(50) NOT NULL,
  `dateAdded` bigint(20) NOT NULL,
  `weight` int(11) NOT NULL DEFAULT '0',
  `status` int(10) NOT NULL DEFAULT '0',
  `lastUsed` bigint(20) NOT NULL DEFAULT '0',
  PRIMARY KEY (`id`),
  KEY `country` (`country`)
) ENGINE=InnoDB  DEFAULT CHARSET=latin1 AUTO_INCREMENT=293 ;

--
-- Dumping data for table `proxy`
--

INSERT INTO `proxy` (`id`, `source`, `proxy`, `mid`, `country`, `dateAdded`, `weight`, `status`, `lastUsed`) VALUES
(1, 'checkedProxyList.com', '108.166.95.58:8080', 0, 'US', 1339735020, 200, 0, 1339745304),
(3, 'checkedProxyList.com', '174.129.162.239:80', 0, 'US', 1339735021, 100, 0, 1339745070),
(4, 'checkedProxyList.com', '173.248.139.218:80', 0, 'US', 1339735021, 200, 0, 1339745176),
(6, 'checkedProxyList.com', '184.22.134.46:3128', 0, 'US', 1339735021, 200, 0, 1339745219),
(7, 'checkedProxyList.com', '209.160.64.92:3128', 0, 'US', 1339735021, 100, 0, 1339745261),
(11, 'checkedProxyList.com', '65.49.24.18:3128', 0, 'US', 1339735021, 200, 0, 1339745112),
(12, 'checkedProxyList.com', '65.51.123.181:80', 0, 'US', 1339735021, 200, 0, 1339744997),
(15, 'checkedProxyList.com', '72.64.146.135:3128', 0, 'US', 1339735021, 200, 0, 1339745389),
(16, 'checkedProxyList.com', '72.64.146.135:8080', 0, 'US', 1339735021, 100, 0, 1339745153),
(17, 'checkedProxyList.com', '72.64.146.136:3128', 0, 'US', 1339735021, 100, 0, 1339743854),
(18, 'checkedProxyList.com', '72.64.146.136:8080', 0, 'US', 1339735021, 200, 0, 1339743343),
(21, 'checkedProxyList.com', '204.236.159.251:443', 0, 'US', 1339735022, 200, 0, 1339743068),
(25, 'checkedProxyList.com', '24.103.140.82:80', 0, 'US', 1339735022, 200, 0, 1339746044),
(26, 'checkedProxyList.com', '74.115.0.8:80', 0, 'US', 1339735022, 200, 0, 1339744561),
(30, 'checkedProxyList.com', '173.10.134.173:8081', 0, 'US', 1339735022, 200, 0, 1339745346),
(60, 'checkedProxyList.com', '216.255.86.100:80', 0, 'US', 1339735023, 100, 0, 1339744102),
(66, 'checkedProxyList.com', '69.65.18.92:80', 0, 'US', 1339735024, 200, 0, 1339744060),
(75, 'freeproxylists.com', '208.71.105.253:80', 0, 'US', 1339735024, 200, 0, 1339743876),
(76, 'freeproxylists.com', '216.255.85.90:80', 0, 'US', 1339735024, 100, 0, 1339743780),
(92, 'freeproxy.ch', '50.57.148.125:80', 0, 'US', 1339735025, 200, 0, 1339757464),
(106, 'freeproxy.ch', '24.124.49.133:80', 0, 'US', 1339735026, 200, 0, 1339743301),
(107, 'freeproxy.ch', '99.47.3.234:80', 0, 'US', 1339735026, 200, 0, 1339756837),
(148, 'proxynova.com', '184.82.27.13:80', 0, 'US', 1339735028, 100, 0, 1339742960),
(161, 'proxynova.com', '208.71.174.126:80', 0, 'US', 1339735029, 200, 0, 1339742712),
(162, 'proxynova.com', '209.190.7.252:80', 0, 'US', 1339735029, 200, 0, 1339742686),
(168, 'proxynova.com', '69.60.124.208:80', 0, 'US', 1339735029, 200, 0, 1339760366),
(169, 'proxynova.com', '66.196.207.55:80', 0, 'US', 1339735029, 200, 0, 1339760010),
(171, 'proxynova.com', '130.14.29.111:80', 0, 'US', 1339735029, 200, 0, 1339759842),
(172, 'proxynova.com', '130.14.29.110:80', 0, 'US', 1339735029, 200, 0, 1339759815),
(178, 'proxynova.com', '98.218.81.191:80', 0, 'US', 1339735030, 200, 0, 1339759785),
(179, 'proxynova.com', '107.22.89.10:80', 0, 'US', 1339735030, 200, 0, 1339759719),
(183, 'proxynova.com', '72.249.119.251:80', 0, 'US', 1339735030, 100, 0, 1339759446),
(184, 'proxynova.com', '209.190.7.250:80', 0, 'US', 1339735030, 100, 0, 1339759180),
(186, 'proxynova.com', '184.72.251.197:80', 0, 'US', 1339735030, 200, 0, 1339758379),
(190, 'proxynova.com', '216.52.29.136:80', 0, 'US', 1339735030, 100, 0, 1339757975),
(191, 'proxynova.com', '69.163.239.41:80', 0, 'US', 1339735030, 200, 0, 1339757735),
(203, 'spys.ru/en/', '50.57.188.161:80', 0, 'US', 1339735031, 100, 0, 1339744442),
(211, 'spys.ru/en/', '198.203.146.48:80', 0, 'US', 1339735032, 200, 0, 1339757066);

-- --------------------------------------------------------

--
-- Table structure for table `users`
--

CREATE TABLE IF NOT EXISTS `users` (
  `id` int(11) NOT NULL AUTO_INCREMENT,
  `username` varchar(50) DEFAULT NULL,
  `password` varchar(20) DEFAULT NULL,
  `type` tinyint(1) NOT NULL DEFAULT '1',
  `marketTitle` varchar(20) DEFAULT NULL,
  `interestID` tinyint(1) NOT NULL DEFAULT '0',
  `Browser` varchar(2) DEFAULT NULL,
  `mid` int(11) NOT NULL,
  `lastUsed` int(11) NOT NULL DEFAULT '0',
  PRIMARY KEY (`id`)
) ENGINE=MyISAM  DEFAULT CHARSET=utf8 AUTO_INCREMENT=269 ;

--
-- Dumping data for table `users`
--

INSERT INTO `users` (`id`, `username`, `password`, `type`, `marketTitle`, `interestID`, `Browser`, `mid`, `lastUsed`) VALUES
(1, 'sharyngerri@yahoo.com', 'p1W(j8O%', 0, '', 0, 'ie', 1, 1339576256),
(2, 'chantaldebi@yahoo.com', 'g1J(q4J$', 0, '', 0, 'ff', 1, 1339662799),
(3, 'niki.andra@rocketmail.com', 'h6D&o4U~', 0, '', 0, 'ie', 1, 1339663338),
(4, 'MaudKeshia@ymail.com', 'j6Y!z6Q!', 0, '', 0, 'ff', 1, 1339759180),
(5, 'lizetteima@ymail.com', 'h6N&q9Q#', 0, '', 0, 'ie', 1, 1339757066),
(6, 'lindyeulalia@yahoo.com', 'v5P$f9N$', 0, '', 0, 'ff', 1, 1339743780),
(7, 'kiaeaster@ymail.com', 'r0Z~n4B#', 0, '', 0, 'ie', 1, 1339675569),
(8, 'keshadulce@rocketmail.com', 'p9J~h1Z%', 0, '', 0, 'ff', 1, 1339664461),
(9, 'natividadjeana@rocketmail.com', 'j9N$g8B(', 0, '', 0, 'ie', 1, 1339663660),
(10, 'linniedanelle@yahoo.com', 't8F*e3A#', 0, '', 0, 'ff', 1, 1339583677),
(11, 'kamicharline@yahoo.com', 'l3E!v3R#', 0, '', 0, 'ie', 1, 1339660478),
(12, 'georgiechanel@yahoo.com', 'f2D(y5R*', 0, '', 0, 'ff', 1, 1339659342),
(13, 'catinacarrol@yahoo.com', 'v1X(g7W%', 0, '', 0, 'ie', 1, 1339655092),
(14, 'brookvalorie@yahoo.com', 'b0E!n6Y!', 0, '', 0, 'ff', 1, 1339654207),
(15, 'liaalda725@yahoo.com', 'p5T~n0R#', 0, '', 0, 'ie', 1, 1339651198),
(16, 'dorthawinnifred@yahoo.com', 'f3I^z7U~', 0, '', 0, 'ff', 1, 1339586387),
(17, 'cristalsharla@yahoo.com', 'r2R$q4B(', 0, '', 0, 'ie', 1, 1339584204),
(18, 'sunnyruthann@yahoo.com', 's0N@g8F&', 0, '', 0, 'ff', 1, 1339662012),
(19, 'meaghanleone@yahoo.com', 'c5R(p7A@', 0, '', 0, 'ie', 1, 1339581323),
(21, 'DelfinaJuli@yahoo.com', 'p8F&l8X!', 1, '', 0, 'ie', 276, 0),
(22, 'JosetteCecil@yahoo.com', 'd4U#y1N&', 1, '', 0, 'ff', 276, 0),
(23, 'mshanon@rocketmail.com', 'j5I%g1M!', 1, '', 0, 'ie', 276, 0),
(24, 'chiquitavalentina812@yahoo.com', 'm0G&r9P~', 1, '', 0, 'ff', 366, 1338624048),
(25, 'TristaStephany@yahoo.com', 'u3P(s2X!', 1, '', 0, 'ie', 321, 1339667677),
(26, 'louis.magda@ymail.com', 'v1P*x0H*', 1, '', 0, 'ff', 321, 1339742960),
(27, 'LaquitaKarol@yahoo.com', 'h2A@w8K&', 1, '', 0, 'ie', 321, 1338625550),
(28, 'mariam_joseph@rocketmail.com', 'm2Q%f3Z!', 1, '', 0, 'ff', 321, 1339051506),
(29, 'sabinavikki@yahoo.com', 'p2H~c2I(', 1, '', 0, 'ie', 321, 1339667384),
(30, 'NathalieVerla@yahoo.com', 'a3Y%e7V%', 1, '', 0, 'ff', 63, 0),
(31, 'darleenjannette@gmail.com', 'b1I$j9A%', 1, '', 0, 'ie', 310, 1339677156),
(32, 'theaginny@gmail.com', 'r0I!t6X&', 1, '', 0, 'ff', 63, 0),
(33, 'sharondadebrah@gmail.com', 'd1V%g8F^', 1, '', 0, 'ie', 63, 0),
(34, 'shantelcorrie@gmail.com', 'y8Q&m5F!', 1, '', 0, 'ff', 274, 0),
(35, 'belenasia@gmail.com', 'u9M$f4O~', 1, '', 0, 'ie', 274, 0),
(36, 'venessavioleta@gmail.com', 'n1B%c3C!', 1, '', 0, 'ff', 274, 0),
(37, 'rosalinamyrtis@gmail.com', 'v1F^z0N@', 1, '', 0, 'ie', 274, 0),
(38, 'onalatricia@gmail.com', 'l8P%o1O(', 1, '', 0, 'ff', 274, 0),
(39, 'genovevacollette@gmail.com', 'e8A~p5A!', 1, '', 0, 'ie', 77, 1338891864),
(40, 'coreycharleen@gmail.com', 's0F*w9Q$', 1, '', 0, 'ff', 168, 0),
(41, 'clementineanissa@gmail.com', 'w0Y^c0E&', 1, '', 0, 'ie', 168, 0),
(42, 'rosalbaviviana@gmail.com', 'i7X#a6I^', 1, '', 0, 'ff', 168, 0),
(43, 'renatetwyla@gmail.com', 'x7Y%k5W~', 1, '', 0, 'ie', 295, 0),
(44, 'mi.nedra@rocketmail.com', 'h9A%o9E!', 1, '', 0, 'ff', 295, 0),
(45, 'ivorylatonia@yahoo.com', 'p5Q(v0L@', 1, '', 0, 'ie', 295, 0),
(46, 'georgiannalan@yahoo.com', 'a5F*o3C*', 1, '', 0, 'ff', 295, 0),
(47, 'floyhellen@yahoo.com', 'g6P~m6X^', 1, '', 0, 'ie', 357, 1339049321),
(48, 'dorcasfabiola@yahoo.com', 'c5N#k7P#', 1, '', 0, 'ff', 357, 0),
(49, 'ArianaAnnamarie@ymail.com', 'g1R$a3Y&', 1, '', 0, 'ie', 322, 1339759719),
(50, 'tyraadell@yahoo.com', 'n1X~c0R%', 1, '', 0, 'ff', 320, 1339223926),
(51, 'jacksonsoloman1@gmail.com', 'goldisold', 1, '', 0, 'ie', 202, 1338280778),
(52, 'mariacsalmane@gmail.com', 'goldisold', 1, '', 0, 'ff', 85, 1339674313),
(53, 'garzapedro8@gmail.com', 'goldisold', 1, '', 0, 'ie', 277, 1339655660),
(54, 'ezarikjustine@gmail.com', 'goldisold', 1, '', 0, 'ff', 21, 1338285663),
(55, 'kim67662@gmail.com', 'goldisold', 1, '', 0, 'ie', 196, 0),
(56, 'cinthialara17@gmail.com', 'goldisold', 1, '', 0, 'ff', 283, 0),
(57, 'glaciamapi@gmail.com', 'goldisold', 1, '', 0, 'ie', 168, 0),
(58, 'aguiarsara0@gmail.com', 'goldisold', 1, '', 0, 'ff', 310, 1339740015),
(59, 'rosanahermann743@gmail.com', 'goldisold', 1, '', 0, 'ie', 85, 1339403962),
(60, 'nascimentoalisson3@gmail.com', 'goldisold', 1, '', 0, 'ff', 365, 1339563910),
(61, 'jj821789@gmail.com', 'goldisold', 1, '', 0, 'ie', 365, 1339564157),
(62, 'marym6910@gmail.com', 'goldisold', 1, '', 0, 'ff', 150, 0),
(63, 'ppatricia66@gmail.com', 'goldisold', 1, '', 0, 'ie', 365, 1339657856),
(64, 'bbarbara628@gmail.com', 'goldisold', 1, '', 0, 'ff', 365, 1339660830),
(65, 'eelizabeth766@gmail.com', 'goldisold', 1, '', 0, 'ie', 365, 1339663069),
(66, 'jj47408@gmail.com', 'goldisold', 1, '', 0, 'ff', 85, 1339477343),
(67, 'mm9664858@gmail.com', 'goldisold', 1, '', 0, 'ie', 202, 1338379529),
(68, 'llisa902@gmail.com', 'thatstrue', 1, '', 0, 'ff', 277, 1338380269),
(69, 'nnancy41@gmail.com', 'thatstrue', 1, '', 0, 'ie', 21, 1338380842),
(70, 'jack38848@gmail.com', 'goldissold', 1, '', 0, 'ff', 196, 0),
(71, 'jjohn0614@gmail.com', 'goldissold', 1, '', 0, 'ie', 194, 0),
(72, 'emmajustin344@gmail.com', 'goldissold', 1, '', 0, 'ff', 320, 1339237295),
(73, 'ericsophia5@gmail.com', 'goldissold', 1, '', 0, 'ie', 196, 0),
(74, 'jaydenj74@gmail.com', 'goldissold', 1, '', 0, 'ff', 168, 0),
(75, 'mc45570@gmail.com', 'xululabs', 1, '', 0, 'ie', 32, 1338450361),
(76, 'mpatricia617@gmail.com', 'xululabs', 1, '', 0, 'ff', 18, 1338463616),
(77, 'is86746@gmail.com', 'xululabs', 1, '', 0, 'ie', 18, 1338638265),
(78, 'malexander493@gmail.com', 'xululabs', 1, '', 0, 'ff', 18, 1338895287),
(79, 'martinawilliam43@gmail.com', 'xululabs', 1, '', 0, 'ie', 85, 1339564618),
(80, 'danielch008@gmail.com', 'xululabs', 1, '', 0, 'ff', 85, 1339663975),
(81, 'kennethg481@gmail.com', 'game123123', 1, '', 0, 'ie', 150, 0),
(82, 'edwardvvv02@gmail.com', 'game12312', 1, '', 0, 'ff', 150, 0),
(83, 'brianronald6@gmail.com', 'oldisgold', 1, '', 0, 'ie', 150, 0),
(84, 'akevin375@gmail.com', 'oldisgold', 1, '', 0, 'ff', 150, 0),
(85, 'nancywert55@gmail.com', 'oldisgold', 1, '', 0, 'ie', 71, 1338616223),
(86, 'azurebailey@gmail.com', 'oldisgold', 1, '', 0, 'ff', 159, 1338622837),
(87, 'jasonmatthew241@gmail.com', 'oldisgold', 1, '', 0, 'ie', 32, 1338623393),
(88, 'cj548272@gmail.com', 'oldisgold', 1, '', 0, 'ff', 366, 1339052401),
(89, 'christinejess81@gmail.com', 'oldisgold', 1, '', 0, 'ie', 50, 1338625229),
(90, 'nataliejessica1@gmail.com', 'oldisgold', 1, '', 0, 'ff', 18, 1339051228),
(91, 'mjessica60@gmail.com', 'oldisgold', 1, '', 0, 'ie', 45, 1339736378),
(92, 'bethjaclyn@gmail.com', 'oldisgold', 1, '', 0, 'ff', 268, 1338639502),
(93, 'abramsjaclyn71@gmail.com', 'oldisgold', 1, '', 0, 'ie', 14, 1338788678),
(94, 'coylecourtney4@gmail.com', 'oldisgold', 1, '', 0, 'ff', 45, 1339746044),
(95, 'sandradonna437@gmail.com', 'oldisgold', 1, '', 0, 'ie', 47, 0),
(96, 'ruthcarol404@gmail.com', 'oldisgold', 1, '', 0, 'ff', 403, 1338794156),
(97, 'sharonmichelle72@ymail.com', 'oldisgold', 1, '', 0, 'ie', 45, 1338804279),
(98, 'jasonmatthew59@yahoo.com', 'oldisgold', 1, '', 0, 'ff', 45, 1338899089),
(99, 'timothygary81@yahoo.com', 'oldisgold', 1, '', 0, 'ie', 320, 1339241897),
(100, 'lauralaura470@yahoo.com', 'oldisgold', 1, '', 0, 'ff', 194, 0),
(101, 'sarahee16@yahoo.com', 'oldisgold', 1, '', 0, 'ie', 403, 1338803451),
(102, 'kimberlydeborah28@yahoo.com', 'oldisgold', 1, '', 0, 'ff', 320, 1339397653),
(103, 'larryjose81@yahoo.com', 'oldisgold', 1, '', 0, 'ie', 268, 1338810426),
(104, 'jeffreyfrank27@yahoo.com', 'oldisgold', 1, '', 0, 'ff', 403, 1338812682),
(105, 'scotteric222@yahoo.com', 'oldisgold', 1, '', 0, 'ie', 403, 0),
(106, 'cynthiaangela36@yahoo.com', 'oldisgold', 1, '', 0, 'ff', 389, 1338813622),
(107, 'melissa.brenda21@yahoo.com', 'oldisgold', 1, '', 0, 'ie', 335, 1338814242),
(108, 'annaamy90@yahoo.com', 'oldisgold', 1, '', 0, 'ff', 14, 1338874442),
(109, 'virginiarebecca45@yahoo.com', 'oldisgold', 1, '', 0, 'ie', 38, 0),
(110, 'kathleenpamela44@yahoo.com', 'oldisgold', 1, '', 0, 'ff', 38, 0),
(111, 'stephenandrew281@yahoo.com', 'oldisgold', 1, '', 0, 'ie', 50, 1338893310),
(112, 'raymondgregory8@gmail.com', 'oldisgold', 1, '', 0, 'ff', 18, 1339582624),
(113, 'jerryjoshua711@gmail.com', 'oldisgold', 1, '', 0, 'ie', 54, 0),
(114, 'joshuajerry14@yahoo.com', 'oldisgold', 1, '', 0, 'ff', 176, 1338964743),
(115, 'denniswalter733@yahoo.com', 'oldisgold', 1, '', 0, 'ie', 320, 1339412075),
(116, 'pamela879@yahoo.com', 'oldisgold', 1, '', 0, 'ff', 176, 1338971808),
(117, 'marthadebra61@yahoo.com', 'oldisgold', 1, '', 0, 'ie', 176, 1338979673),
(118, 'amandaasdsdf@yahoo.com', 'oldisgold', 1, '', 0, 'ff', 38, 0),
(119, 'stephaniezxcvxcvx@yahoo.com', 'oldisgold', 1, '', 0, 'ie', 14, 1339052063),
(120, 'patrickljkljkl@yahoo.com', 'oldisgold', 1, '', 0, 'ff', 14, 0),
(121, 'peterxzcvxcv@yahoo.com', 'oldisgold', 1, '', 0, 'ie', 389, 1339045823),
(122, 'haroldsafsdf@yahoo.com', 'oldisgold', 1, '', 0, 'ff', 113, 1339046383),
(123, 'douglaswqerwqer@yahoo.com', 'oldisgold', 1, '', 0, 'ie', 194, 0),
(124, 'henrysadasd@yahoo.com', 'oldisgold', 1, '', 0, 'ff', 335, 1339047355),
(125, 'marieasfsad@yahoo.com', 'oldisgold', 1, '', 0, 'ie', 63, 0),
(126, 'janetqwwer@yahoo.com', 'oldisgold', 1, '', 0, 'ff', 357, 0),
(127, 'catherinezxcvxzv@yahoo.com', 'oldisgold', 1, '', 0, 'ie', 71, 1339051741),
(128, 'francessdfsda@yahoo.com', 'oldisgold', 1, '', 0, 'ff', 14, 0),
(129, 'joyceqwert@yahoo.com', 'oldisgold', 1, '', 0, 'ie', 366, 0),
(130, 'arthurasdfggh@yahoo.com', 'oldisgold', 1, '', 0, 'ff', 159, 0),
(131, 'ryanvbnbvn@yahoo.com', 'oldisgold', 1, '', 0, 'ie', 63, 0),
(132, 'rogermnbv@yahoo.com', 'oldisgold', 1, '', 0, 'ff', 194, 0),
(133, 'joevbnvnq@yahoo.com', 'oldisgold', 1, '', 0, 'ie', 194, 0),
(134, 'jackwqertert@yahoo.com', 'oldisgold', 1, '', 0, 'ff', 389, 1339562878),
(135, 'dianeghjghj@yahoo.com', 'oldisgold', 1, '', 0, 'ie', 389, 1338460612),
(136, 'alicesadfsdaf@yahoo.com', 'oldisgold', 1, '', 0, 'ff', 277, 1339478672),
(137, 'juliejhgjgh@yahoo.com', 'oldisgold', 1, '', 0, 'ie', 277, 1339486563),
(138, 'heatherqwerweq@yahoo.com', 'oldisgold', 1, '', 0, 'ff', 247, 1339572549),
(139, 'teresaasdfds@yahoo.com', 'oldisgold', 1, '', 0, 'ie', 149, 0),
(140, 'lydiaviola68@gmail.com', 'itsnotfair', 1, '', 0, 'ff', 176, 1339582353),
(141, 'rochellegretchen@gmail.com', 'muchbetter', 1, '', 0, 'ie', 308, 1339585505),
(142, 'RaquelCecelia@gmail.com', 'muchbetter', 1, '', 0, 'ff', 283, 0),
(143, 'alyssahenrietta33@gmail.com', 'muchbetter', 1, '', 0, 'ie', 247, 1339649381),
(144, 'KelleyJana@gmail.com', 'muchbetter', 1, '', 0, 'ff', 202, 1339651582),
(145, 'kerrygwen@gmail.com', 'muchbetter', 1, '', 0, 'ie', 277, 1339653410),
(146, 'triciajenna0@gmail.com', 'muchbetter', 1, '', 0, 'ff', 173, 0),
(147, 'olaverne@gmail.com', 'muchbetter', 1, '', 0, 'ie', 144, 1339654616),
(148, 'kenterrance92@gmail.com', 'oldisgold', 1, '', 0, 'ff', 113, 1339656085),
(149, 'mariontracy40@gmail.com', 'oldisgold', 1, '', 0, 'ie', 47, 0),
(150, 'rossvirgil5@gmail.com', 'oldisgold', 1, '', 0, 'ff', 247, 1339668519),
(151, 'eduardoterrence66@gmail.com', 'lorumipsum', 1, 'seattle-tacoma', 0, 'ie', 322, 1339678208),
(152, 'denicemichell95@rocketmail.com', 'lorumipsum#24', 1, 'boston', 0, 'ff', 38, 0),
(153, 'GAYLA7845SELINA@hotmail.com', 'lorumipsum#47', 1, 'seattle-tacoma', 0, 'ie', 322, 1339741058),
(154, 'reneterrance@gmail.com', 'lorumipsum', 1, 'orange county', 0, 'ff', 266, 1339483149),
(155, 'kirksergio70@yahoo.com', 'lorumipsum@12', 1, 'SF bay area', 0, 'ie', 1, 1339740518),
(156, 'andymarshall479@yahoo.com', 'lorumipsum@14', 1, 'chicago', 0, 'ff', 60, 1337947487),
(157, 'germainesierra52@yahoo.com', 'lorumipsum#25', 1, 'houston', 0, 'ie', 152, 1337948794),
(158, 'deidrabobby37@rocketmail.com', 'lorumipsum#27', 1, 'los angeles', 0, 'ff', 204, 1339240671),
(159, 'mariontracy94@yahoo.com', 'lorumipsum', 1, 'new york city', 0, 'ie', 244, 1339492397),
(160, 'NANABBIE159@hotmail.com', 'lorumipsum#41', 1, 'chicago', 0, 'ff', 60, 1338798941),
(161, 'LEEANNROCIObgvfd@hotmail.com', 'lorumipsum#42', 1, 'dallas', 0, 'ie', 77, 1339149528),
(162, 'MINAvhbjcGERI@hotmail.com', 'lorumipsum#49', 1, 'los angeles', 0, 'ff', 204, 1339650529),
(163, 'enriquefreddie@gmail.com', 'lorumipsum', 1, 'new york city', 0, 'ie', 244, 1339240003),
(164, 'virgil.ross@yahoo.com', 'lorumipsum@15', 1, 'SF bay area', 0, 'ff', 1, 1339757975),
(165, 'morrisclifton36@ymail.com', 'lorumipsum@17', 1, 'houston', 0, 'ie', 152, 1338621928),
(166, 'judichelsey83@rocketmail.com', 'lorumipsum#30', 1, 'missoula', 0, 'ff', 225, 0),
(167, 'austinluke29@rocketmail.com', 'lorumipsum#31', 1, 'SF bay area', 0, 'ie', 1, 1339048129),
(168, 'fredricktrevor38@ymail.com', 'lorumipsum#33', 1, 'los angeles', 0, 'ff', 204, 1338876639),
(169, 'devinsylvester71@yahoo.com', 'r9J*b1S$', 1, 'dallas', 0, 'ie', 77, 1339564894),
(170, 'altonarchie@hotmail.com', 'z7T(g5R@', 1, 'chicago', 0, 'ff', 60, 0),
(171, 'jadecortney@rocketmail.com', 'lorumipsum#23', 1, 'new york city', 0, 'ie', 244, 1339393192),
(172, 'lutherevan66@yahoo.com', 'lorumipsum#39', 1, 'SF bay area', 0, 'ff', 1, 1339139169),
(173, 'debbyelia75@yahoo.com', 'x6J@t5N(', 1, 'houston', 0, 'ie', 152, 1338639972),
(174, 'nildadanna@hotmail.com', 'y6R&c0N(', 1, 'los angeles', 0, 'ff', 204, 1338877632),
(175, 'marcowm1987@hotmail.com', 'r6Y@t7V$', 1, 'chicago', 0, 'ie', 60, 0),
(176, 'jonathonfelipe@hotmail.com', 'y6R&c0N(', 1, 'new york city', 0, 'ff', 244, 1339416405),
(177, 'madonnaathena@yahoo.com', 'r9B*u7Q^', 1, 'boston', 0, 'ie', 38, 0),
(178, 'van_eli@ymail.com', 'z3P$e5O^', 1, 'missoula', 0, 'ff', 225, 0),
(179, 'terrellpat@ymail.com', 'q8R@g3X~', 1, 'dallas', 0, 'ie', 77, 1338806007),
(180, 'alejandrootis32@rocketmail.com', 'lorumipsum#35', 1, '', 0, 'ff', 202, 1339674579),
(181, 'nickjulius58@yahoo.com', 'lorumipsum#38', 1, 'chicago', 0, 'ie', 60, 0),
(182, 'adriannechong13@yahoo.com', 'w8Q!i0M^', 1, 'missoula', 0, 'ff', 225, 0),
(183, 'delma.demetria@yahoo.com', 'b1I(n4M(', 1, 'newyork', 0, 'ie', 244, 1339479221),
(184, 'homeromar65@yahoo.com', 'r6Y@t7V$', 1, 'chicago', 0, 'ff', 60, 1338446730),
(185, 'gerardlorenzo26@yahoo.com', 'n4N!p3J*', 1, 'missoula', 0, 'ie', 225, 0),
(186, 'doug_pablo@yahoo.com', 'a8E#l5I#', 1, 'SF bay area', 0, 'ff', 1, 1339413370),
(187, 'hubertcameron41@yahoo.com', 'z7T(g5R@', 1, 'chicago', 0, 'ie', 60, 0),
(188, 'angeloernesto17@yahoo.com', 'r6Y@t7V$', 1, 'orangecounty', 0, 'ff', 266, 1339484360),
(189, 'WILLIS586686CESAR@hotmail.com', 'm1B%t9I*', 1, 'los angeles', 0, 'ie', 204, 1339045478),
(190, 'RICKEY53564ANDRES@hotmail.com', 'm6Q^r7R#', 1, 'chicago', 0, 'ff', 60, 0),
(191, 'jeannamaudie95@yahoo.com', 'n3X~s2T#', 1, 'houston', 0, 'ie', 152, 1339048362),
(192, 'robbin.danette@yahoo.com', 'r6Y@t7V$', 1, 'chico', 0, 'ff', 61, 0),
(193, 'colindelbert@yahoo.com', 'g3U*r9H~', 1, 'houston', 0, 'ie', 152, 1339652379),
(194, 'lucasbenny62@yahoo.com', 'y3D%f1O(', 1, 'losangeles', 0, 'ff', 204, 1339219443),
(195, 'maryjanefreddie@hotmail.com', 'n4N!p3J*', 1, 'missoula', 0, 'ie', 225, 0),
(196, 'garrygeoffrey@hotmail.com', 'a8E#l5I#', 1, 'los angeles', 0, 'ff', 204, 1339222801),
(197, 'rachealalene@ymail.com', 'w4V#h3E&', 1, 'houston', 0, 'ie', 152, 1339739560),
(198, 'guillermina.zella@yahoo.com', 'i6M%a5Q(', 1, 'puertorico.es', 0, 'ff', 276, 0),
(199, 'eloisasandi@yahoo.com', 'a6X@k2D%', 1, 'chico', 0, 'ie', 61, 0),
(200, 'celestinerafaela@yahoo.com', 't1T@e5N@', 1, 'dallas', 0, 'ff', 77, 1338890329),
(201, 'kiramalissa@yahoo.com', 'h9V*y2T~', 1, 'newyork', 0, 'ie', 244, 1339487151),
(202, 'candidalona@yahoo.com', 'p6P~k2D^', 1, 'orangecounty', 0, 'ff', 266, 1339491353),
(203, 'chantelalvina@yahoo.com', 'y8U$h7J#', 1, 'losangeles', 0, 'ie', 204, 1339227550),
(204, 'mariselashayla@ymail.com', 'q0O~f8H!', 1, 'chicago', 0, 'ff', 60, 1339404601),
(205, 'migdaliasamatha@yahoo.com', 'j0R~w3E~', 1, 'missoula', 0, 'ie', 225, 0),
(206, 'oraliaivette@yahoo.com', 'w2C!n8G%', 1, 'buffalo', 0, 'ff', 45, 1339572009),
(207, 'matildechristen@yahoo.com', 'k9Z%o7D!', 1, 'orangecounty', 0, 'ie', 266, 1339579171),
(208, 'janellarissa@rocketmail.com', 'm9D(x7L&', 1, '', 0, 'ff', 283, 0),
(209, 'vedarenita@rocketmail.com', 'r2D#u5C*', 1, '', 0, 'ie', 247, 1339744997),
(210, 'pattieindia16@ymail.com', 'o9O@c7K#', 1, '', 0, 'ff', 262, 0),
(211, 'terashanda@ymail.com', 'q3C*d8V*', 1, 'orange county', 0, 'ie', 266, 1339414295),
(212, 'lucretialorri@ymail.com', 'v8L#u6P*', 1, 'san antonio', 0, 'ff', 310, 1339744442),
(213, 'laurenceelbert@yahoo.com', 'w4V#h3E&', 1, 'houston', 0, 'ie', 152, 1339742447),
(214, 'ismael.bert@yahoo.com', 'i6M%a5Q(', 1, 'lehigh valley', 0, 'ff', 196, 0),
(215, 'orvilleelias@yahoo.com', 'a6X@k2D%', 1, 'SF bay area', 0, 'ie', 1, 1339563630),
(216, 'alonzodrew@ymail.com', 't1T@e5N@', 1, 'orange county', 0, 'ff', 266, 1339415391),
(217, 'jody.terence@yahoo.com', 'g0V!c9M*', 1, 'washington, DC', 0, 'ie', 389, 0),
(218, 'ervin.rogelio@yahoo.com', 'h9V*y2T~', 1, 'chicago', 0, 'ff', 60, 1339397176),
(219, 'deweydarrel@rocketmail.com', 'r2T#t9G^', 1, 'SF bay area', 0, 'ie', 1, 1339580996),
(220, 'wilfredstewart@rocketmail.com', 'p2N%k5R$', 1, 'san antonio', 0, 'ff', 310, 1339757464),
(221, 'hugoerick48@yahoo.com', 'q5C^q7K&', 1, 'houston', 0, 'ie', 152, 1339760366),
(222, 'ramirodarin@rocketmail.com', 'p3S(g0B*', 1, 'san antonio', 0, 'ff', 310, 1339675158),
(223, 'conrad290@yahoo.com', 'z6V*x3Y&', 1, 'lehigh valley', 0, 'ie', 196, 0),
(224, 'grady30@ymail.com', 't6M$v3C&', 1, 'seattle-tacoma', 0, 'ff', 322, 1339741687),
(225, 'phil_saul@yahoo.com', 'p3S(g0B*', 1, 'SF bay area', 0, 'ie', 1, 1339658106),
(226, 'lamar.darnell@yahoo.com', 'q8R@g3X~', 1, 'chicago', 0, 'ff', 60, 1338280248),
(227, 'rolandorandal@yahoo.com', 'h5Y*y7S%', 1, 'houston', 0, 'ie', 152, 0),
(228, 'claytommie61@yahoo.com', 't6M$v3C&', 1, 'richmond', 0, 'ff', 296, 0),
(229, 'percytimmy@yahoo.com', 'r1X!c6T&', 1, 'seattle-tacoma', 0, 'ie', 322, 1339758379),
(230, 'dexterdarrin@yahoo.com', 'n3X^a5G~', 1, 'richmond', 0, 'ff', 296, 0),
(231, 'merlebrendan@yahoo.com', 'h3G%z4T!', 1, 'SF bay area', 0, 'ie', 1, 1339679027),
(232, 'shauncarlton19@yahoo.com', 'n4N!p3J*', 1, '', 0, 'ff', 71, 0),
(233, 'mattorlando84@yahoo.com', 'y6R&c0N(', 1, '', 0, 'ie', 0, 0),
(234, 'blakerudy54@yahoo.com', 'h6P~g6H!', 1, '', 0, 'ff', 0, 0),
(235, 'chloevesta@rocketmail.com', 'o8X%q4J@', 1, '', 0, 'ie', 0, 0),
(236, 'lyn.leora@yahoo.com', 'o4Q^u1M^', 1, '', 0, 'ff', 0, 0),
(237, 'agatha.lettie@yahoo.com', 'm4E%t7O#', 1, '', 0, 'ie', 0, 0),
(238, 'soledadalva@rocketmail.com', 'e7Y$w6F*', 1, '', 0, 'ff', 0, 0),
(239, 'shelliesuzan@yahoo.com', 'a4E*h3D(', 1, '', 0, 'ie', 0, 0),
(240, 'carenmaya46@yahoo.com', 'g0V!c9M*', 1, '', 0, 'ff', 0, 0),
(241, 'aldoyle37@yahoo.com', 'c0X*w5O(', 1, '', 0, 'ie', 0, 0),
(242, 'deloistessie@yahoo.com', 'z7Z&h9C$', 1, '', 0, 'ff', 0, 0),
(243, 'marilynnphillis@rocketmail.com', 'j4R!j1K$', 1, '', 0, 'ie', 0, 0),
(244, 'dinahcruz96@yahoo.com', 'c6R(a2S#', 1, '', 0, 'ff', 0, 0),
(245, 'joshfrankie@rocketmail.com', 'w8I@b6J*', 1, '', 0, 'ie', 0, 0),
(246, 'ignaciosheldon@rocketmail.com', 'r9P%w5N!', 1, '', 0, 'ff', 0, 0),
(247, 'calebtomas29@yahoo.com', 't9O&m6M%', 1, '', 0, 'ie', 0, 0),
(248, 'bradfordwinston30@yahoo.com', 'd8C@b5I@', 1, '', 0, 'ff', 0, 0),
(249, 'noah.moses21@yahoo.com', 'h5Y*y7S%', 1, '', 0, 'ie', 0, 0),
(250, 'romancornelius@yahoo.com', 'z6V*x3Y&', 1, '', 0, 'ff', 0, 0),
(251, 'shelligeorgiana@gmail.com ', 'o3T%a4B~', 1, '', 0, 'ie', 0, 0),
(252, 'mozellecandi@gmail.com  ', 'j4Z$i3A%', 1, '', 0, 'ff', 0, 0),
(253, 'cordeliahildegard@gmail.com ', 'z8M@u2Z$', 1, '', 0, 'ie', 0, 0),
(254, 'gerrydelfina@gmail.com  ', 'a4C#j6Y~', 1, '', 0, 'ff', 0, 0),
(255, 'joellelonnie@gmail.com  ', 'i4P%l5F%', 1, '', 0, 'ie', 0, 0),
(256, 'tianastephenie@gmail.com ', 'w5G^q1X$', 1, '', 0, 'ff', 0, 0),
(257, 'romasabina6@gmail.com  ', 'w8U#k4L(', 1, '', 0, 'ie', 0, 0),
(258, 'richellenathalie@gmail.com ', 'o5Z^g1Z~', 1, '', 0, 'ff', 0, 0),
(259, 'raymarcelle791@gmail.com ', 't5O$x9I$', 1, '', 0, 'ie', 0, 0),
(260, 'princessgertie370@gmail.com ', 'd6H$e5D(', 1, '', 0, 'ff', 0, 0),
(261, 'oletadarleen@gmail.com  ', 'l3Y#u8G@', 1, '', 0, 'ie', 0, 0),
(262, 'jacquethea@gmail.com  ', 'n5F*m5K~', 1, '', 0, 'ff', 0, 0),
(263, 'idellasharonda@gmail.com ', 'a0X*z2I!', 1, '', 0, 'ie', 0, 0),
(264, 'alainashantel@gmail.com  ', 't5T~c8T#', 1, '', 0, 'ff', 0, 0),
(265, 'suzannabelen@gmail.com  ', 'l7M!o1M#', 1, '', 0, 'ie', 0, 1339653100),
(266, 'jovitavenessa@gmail.com  ', 'v4V(c7F*', 1, '', 0, 'ff', 0, 1339135501),
(267, 'blairrosalina@gmail.com  ', 'r4Q@l4S&', 1, '', 0, 'ie', 0, 1338984383),
(268, 'toshaona@gmail.com  ', 't3O^k0T^', 1, '', 0, 'ff', 0, 1338977379);

/*!40101 SET CHARACTER_SET_CLIENT=@OLD_CHARACTER_SET_CLIENT */;
/*!40101 SET CHARACTER_SET_RESULTS=@OLD_CHARACTER_SET_RESULTS */;
/*!40101 SET COLLATION_CONNECTION=@OLD_COLLATION_CONNECTION */;
